{"matrices":[1,0,0,0,0,1,0,0,0,0,1,0,0,0,0,1,1,0,0,0,0,1,0,0,0,0,1,0,6,0,-1.1368683772161603e-13,1,1,0,0,0,0,1,0,0,0,0,1,0,12,0,-1.1368683772161603e-13,1],"ids":[1706759,1706788,1706811]}