{"matrices":[1,0,0,0,0,1,0,0,0,0,1,0,0,0,0,1,1,0,0,0,0,1,0,0,0,0,1,0,0,8.9375,0,1,-1,0,0,0,0,1,0,0,0,0,-1,0,336.9878845214844,0,33.05087661743164,1,-1,0,0,0,0,1,0,0,0,0,-1,0,336.9878845214844,8.9375,33.05087661743164,1],"ids":[1152647,1152838,1158517,1158670]}