{"matrices":[1,0,0,0,0,1,0,0,0,0,1,0,0,0,0,1,0,0,1,0,0,1,0,0,-1,0,0,0,191.6027069091797,38.875,-146.656005859375,1,0,0,1,0,0,1,0,0,-1,0,0,0,191.6027069091797,14.875,-146.687255859375,1,0,0,1,0,0,1,0,0,-1,0,0,0,191.6027069091797,26.875,-146.687255859375,1,0,0,1,0,0,1,0,0,-1,0,0,0,191.6027069091797,50.875,-146.656005859375,1,0,0,1,0,0,1,0,0,-1,0,0,0,191.6027069091797,62.875,-146.656005859375,1],"ids":[1130933,1181489,1195567,1204328,1206119,1207910]}