{"matrices":[1,0,0,0,0,1,0,0,0,0,1,0,0,0,0,1,1,0,0,0,0,1,0,0,0,0,1,0,-25.432350158691406,0,-8.526512829121202e-14,1],"ids":[1672552,1672932]}