{"matrices":[1,0,0,0,0,1,0,0,0,0,1,0,0,0,0,1,-1,0,0,0,0,1,0,0,0,0,-1,0,-54.548274993896484,0,128.99818420410156,1,-1,0,0,0,0,-1,0,0,0,0,1,0,-39.214942932128906,36.88713836669922,0,1,1,0,0,0,0,-1,0,0,0,0,-1,0,15.333333015441895,36.88713836669922,128.99818420410156,1],"ids":[1494082,1494095,1494121,1494134]}