{"matrices":[1,0,0,0,0,1,0,0,0,0,1,0,0,0,0,1,1,0,0,0,0,1,0,0,0,0,1,0,0,0,6.133333206176758,1,1,0,0,0,0,1,0,0,0,0,1,0,0,0,12.266666412353516,1,1,0,0,0,0,1,0,0,0,0,1,0,0,8.9375,0,1,1,0,0,0,0,1,0,0,0,0,1,0,0,8.9375,6.133333206176758,1,1,0,0,0,0,1,0,0,0,0,1,0,0,8.9375,12.266666412353516,1],"ids":[1154723,1154740,1154757,1155016,1155033,1155050]}