{"matrices":[1,0,0,0,0,1,0,0,0,0,1,0,0,0,0,1,1,0,0,0,0,1,0,0,0,0,1,0,0,0,-8.97743034362793,1,1,0,0,0,0,1,0,0,0,0,1,0,0,0,-17.97743034362793,1,1,0,0,0,0,1,0,0,0,0,1,0,0,0,-26.95486068725586,1],"ids":[1810974,1810999,1811024,1811049]}