{"matrices":[1,0,0,0,0,1,0,0,0,0,1,0,0,0,0,1,-1,0,0,0,0,1,0,0,0,0,-1,0,-24.814199447631836,0,47.95712661743164,1,1,0,0,0,0,1,0,0,0,0,1,0,-39.80523681640625,0,-26.793943405151367,1,1,0,0,0,0,1,0,0,0,0,1,0,-29.52083396911621,0,42.52083206176758,1],"ids":[1456186,1486569,1515236,1671846]}