{"matrices":[1,0,0,0,0,1,0,0,0,0,1,0,0,0,0,1,1,0,0,0,0,1,0,0,0,0,1,0,0,1.8928571939468384,0,1,1,0,0,0,0,1,0,0,0,0,1,0,0,3.7857143878936768,0,1,1,0,0,0,0,1,0,0,0,0,1,0,0,5.6785712242126465,0,1,1,0,0,0,0,1,0,0,0,0,1,0,0,7.5714287757873535,0,1,1,0,0,0,0,1,0,0,0,0,1,0,0,9.464285850524902,0,1,1,0,0,0,0,1,0,0,0,0,1,0,0,11.357142448425293,0,1],"ids":[1189755,1189772,1189789,1189806,1189823,1189840,1189857]}