{"matrices":[1,0,0,0,0,1,0,0,0,0,1,0,0,0,0,1,-1,0,0,0,0,1,0,0,0,0,-1,0,239.98788452148438,0,23.788002014160156,1,1,0,0,0,0,1,0,0,0,0,1,0,8.526512829121202e-14,0,-7,1,1,0,0,0,0,1,0,0,0,0,1,0,0,0,-2.3333332538604736,1,-1,0,0,0,0,1,0,0,0,0,-1,0,239.98788452148438,0,16.788002014160156,1,-1,0,0,0,0,1,0,0,0,0,-1,0,239.98788452148438,0,21.454668045043945,1,1,0,0,0,0,1,0,0,0,0,1,0,0,0,-4.666666507720947,1,-1,0,0,0,0,1,0,0,0,0,-1,0,239.98788452148438,0,19.121334075927734,1],"ids":[1241007,1245959,1245979,1245999,1246019,1246039,1246059,1246079]}