{"matrices":[1,0,0,0,0,1,0,0,0,0,1,0,0,0,0,1,-1,0,0,0,0,-0.9889749884605408,-0.1480827033519745,0,0,-0.1480827033519745,0.9889749884605408,0,20.406225204467773,27.445518493652344,-8.08610725402832,1],"ids":[1511573,1511594]}