{"matrices":[1,0,0,0,0,1,0,0,0,0,1,0,0,0,0,1,-1,0,0,0,0,1,0,0,0,0,-1,0,25.516254425048828,0,-36.42829132080078,1],"ids":[1439904,1442035]}