{"matrices":[1,0,0,0,0,1,0,0,0,0,1,0,0,0,0,1,1,0,0,0,0,1,0,0,0,0,1,0,0,44.25,-0.8996564149856567,1,-1,0,0,0,0,1,0,0,0,0,-1,0,109.65454864501953,44.25,57.557987213134766,1,1,0,0,0,0,1,0,0,0,0,1,0,19.33333396911621,29.5,-1.5,1],"ids":[1015957,1160633,1160667,1189638]}