{"matrices":[1,0,0,0,0,1,0,0,0,0,1,0,0,0,0,1,1,0,0,0,0,1,0,0,0,0,1,0,52.56770706176758,14.75,62.266178131103516,1],"ids":[1439131,1707259]}