{"matrices":[1,0,0,0,0,1,0,0,0,0,1,0,0,0,0,1,1,0,0,0,0,1,0,0,0,0,1,0,-34.254825592041016,0,-7.765007495880127,1],"ids":[1395790,1396447]}