{"matrices":[1,0,0,0,0,1,0,0,0,0,1,0,0,0,0,1,1,0,0,0,0,1,0,0,0,0,1,0,13.853315353393555,0,0,1,0,0,-1,0,0,1,0,0,1,0,0,0,-55.48615646362305,0,-25.850109100341797,1,0,0,-1,0,0,1,0,0,1,0,0,0,-55.48615646362305,0,-45.84682846069336,1,-1,0,0,0,0,1,0,0,0,0,-1,0,-90.52261352539062,0,34.53266906738281,1,-1,0,0,0,0,1,0,0,0,0,-1,0,-104.3021469116211,0,34.53266906738281,1],"ids":[998494,998524,998554,998584,998614,998644]}