{"matrices":[1,0,0,0,0,1,0,0,0,0,1,0,0,0,0,1,1,0,0,0,0,1,0,0,0,0,1,0,0,12,0,1,1,0,0,0,0,1,0,0,0,0,1,0,0,24,0,1,1,0,0,0,0,1,0,0,0,0,1,0,0,36,0,1,-1,0,0,0,0,1,0,0,0,0,-1,0,-38.3454475402832,0,20.57171058654785,1,-1,0,0,0,0,1,0,0,0,0,-1,0,-38.3454475402832,12,20.57171058654785,1,-1,0,0,0,0,1,0,0,0,0,-1,0,-38.3454475402832,24,20.57171058654785,1,-1,0,0,0,0,1,0,0,0,0,-1,0,-38.3454475402832,36,20.57171058654785,1],"ids":[1034291,1034563,1034835,1035107,1040633,1040905,1041177,1041449]}