{"matrices":[1,0,0,0,0,1,0,0,0,0,1,0,0,0,0,1,1,0,0,0,0,1,0,0,0,0,1,0,17.506553649902344,14.75,31.890625,1,1,0,0,0,0,1,0,0,0,0,1,0,21.39583396911621,14.75,31.890625,1,1,0,0,0,0,1,0,0,0,0,1,0,30.28038215637207,14.75,80.296875,1,1,0,0,0,0,1,0,0,0,0,1,0,-21.583925247192383,14.75,80.296875,1,1,0,0,0,0,1,0,0,0,0,1,0,-19.77604103088379,14.75,-27.74479103088379,1,1,0,0,0,0,1,0,0,0,0,1,0,6.291666507720947,14.75,0.5052083134651184,1,1,0,0,0,0,1,0,0,0,0,1,0,-2.9791667461395264,14.75,-15.578125,1,1,0,0,0,0,1,0,0,0,0,1,0,3.9270832538604736,14.75,-15.578125,1,1,0,0,0,0,1,0,0,0,0,1,0,21.39583396911621,14.75,-35.22222137451172,1,1,0,0,0,0,1,0,0,0,0,1,0,30.69791603088379,14.75,-18.375,1],"ids":[1441987,1718875,1718898,1718921,1718944,1811651,1811674,1811697,1811720,1811743,1811766]}