{"matrices":[1,0,0,0,0,1,0,0,0,0,1,0,0,0,0,1,-1,0,0,0,0,1,0,0,0,0,-1,0,13.404550552368164,0,-92.9959716796875,1,-1,0,0,0,0,1,0,0,0,0,-1,0,27.321216583251953,0,-92.9959716796875,1,1,0,0,0,0,1,0,0,0,0,1,0,-13.916666984558105,0,0,1],"ids":[1796238,1796251,1796264,1796277]}