{"matrices":[1,0,0,0,0,1,0,0,0,0,1,0,0,0,0,1,1,0,0,0,0,1,3.0010716134398763e-15,0,0,-3.0010716134398763e-15,1,0,-8.881784197001252e-16,-0.02864583395421505,-2.75,1],"ids":[1647388,1647449]}