{"matrices":[1,0,0,0,0,1,0,0,0,0,1,0,0,0,0,1,1,0,0,0,0,1,0,0,0,0,1,0,32.745548248291016,0,1.9895196601282805e-13,1],"ids":[1453017,1453041]}