{"matrices":[1,0,0,0,0,1,0,0,0,0,1,0,0,0,0,1,-1,0,0,0,0,1,0,0,0,0,-1,0,-10.356735229492188,0,87.21754455566406,1],"ids":[1673535,1674061]}