{"matrices":[1,0,0,0,0,1,0,0,0,0,1,0,0,0,0,1,0,0,-1,0,0,1,0,0,1,0,0,0,6.045760631561279,0,-13.767078399658203,1],"ids":[1661035,1661250]}