{"matrices":[1,0,0,0,0,1,0,0,0,0,1,0,0,0,0,1,1,0,0,0,0,1,0,0,0,0,1,0,8,0,1.4210854715202004e-14,1,1,0,0,0,0,1,0,0,0,0,1,0,14,0,-1.4210854715202004e-14,1,1,0,0,0,0,1,0,0,0,0,1,0,14,0,8,1,1,0,0,0,0,1,0,0,0,0,1,0,8,0,8,1,1,0,0,0,0,1,0,0,0,0,1,0,0,0,8,1,1,0,0,0,0,1,0,0,0,0,1,0,0,0,16,1,1,0,0,0,0,1,0,0,0,0,1,0,14,0,16,1],"ids":[1705907,1705936,1705959,1705982,1706005,1706028,1706051,1706074]}