{"matrices":[1,0,0,0,0,1,0,0,0,0,1,0,0,0,0,1,1,0,0,0,0,1,0,0,0,0,1,0,0,11.907807350158691,-0.1614583283662796,1,1,0,0,0,0,1,0,0,0,0,1,0,0,23.907808303833008,-0.1614583283662796,1],"ids":[1268075,1269622,1271187]}