{"matrices":[1,0,0,0,0,1,0,0,0,0,1,0,0,0,0,1,-1,0,0,0,0,1,0,0,0,0,-1,0,-64.61943817138672,0,21.163183212280273,1,-1,0,0,0,0,1,0,0,0,0,-1,0,-54.33503341674805,0,90.47795867919922,1],"ids":[1392931,1452271,1538296]}