{"matrices":[1,0,0,0,0,1,0,0,0,0,1,0,0,0,0,1,1,0,0,0,0,1,0,0,0,0,1,0,18.39583396911621,0,0,1,1,0,0,0,0,1,0,0,0,0,1,0,39.33333206176758,0,1.1368683772161603e-13,1,1,0,0,0,0,1,0,0,0,0,1,0,18.39583396911621,0,12,1,1,0,0,0,0,1,0,0,0,0,1,0,39.33333206176758,0,12,1,1,0,0,0,0,1,0,0,0,0,1,0,20.58333396911621,0,39.743682861328125,1,1,0,0,0,0,1,0,0,0,0,1,0,34.3125,0,117.39583587646484,1,1,0,0,0,0,1,0,0,0,0,1,0,34.3125,0,129.3958282470703,1,1,0,0,0,0,1,0,0,0,0,1,0,34.3125,0,141.3958282470703,1,0,0,-1,0,0,1,0,0,1,0,0,0,6.650204658508301,0,69.96730041503906,1,0,0,-1,0,0,1,0,0,1,0,0,0,26.650203704833984,0,69.96730041503906,1,0,0,-1,0,0,1,0,0,1,0,0,0,46.650203704833984,0,69.96730041503906,1,0,0,-1,0,0,1,0,0,1,0,0,0,66.65020751953125,0,69.96730041503906,1],"ids":[1395167,1395192,1395209,1395226,1395243,1395260,1395278,1395295,1395312,1395329,1395346,1395363,1395380]}