{"matrices":[1,0,0,0,0,1,0,0,0,0,1,0,0,0,0,1,1,0,0,0,0,1,0,0,0,0,1,0,-0.00001597880145709496,0,2.2837634086608887,1,1,0,0,0,0,1,0,0,0,0,1,0,-0.0000053764288168167695,0,4.617091178894043,1],"ids":[1593704,1593727,1593750]}