{"matrices":[1,0,0,0,0,1,0,0,0,0,1,0,0,0,0,1,1,0,0,0,0,1,0,0,0,0,1,0,41.65763854980469,0,1.1937117960769683e-12,1,-1,0,0,0,0,1,0,0,0,0,-1,0,156.98788452148438,0,-61.26162338256836,1,-1,0,0,0,0,1,0,0,0,0,-1,0,115.33024597167969,0,-61.26162338256836,1],"ids":[30758,31034,32850,33088]}