{"matrices":[1,0,0,0,0,1,0,0,0,0,1,0,0,0,0,1,1,0,0,0,0,1,0,0,0,0,1,0,8,0,-1.4210854715202004e-14,1,1,0,0,0,0,1,0,0,0,0,1,0,14,0,-4.263256414560601e-14,1,1,0,0,0,0,1,0,0,0,0,1,0,14,0,8,1,1,0,0,0,0,1,0,0,0,0,1,0,8,0,8,1,1,0,0,0,0,1,0,0,0,0,1,0,0,0,8,1,1,0,0,0,0,1,0,0,0,0,1,0,0,0,16,1,1,0,0,0,0,1,0,0,0,0,1,0,14,0,16,1],"ids":[1706120,1706149,1706172,1706195,1706218,1706241,1706264,1706287]}