{"matrices":[1,0,0,0,0,1,0,0,0,0,1,0,0,0,0,1,0,0,-1,0,-1,-0.00010213124915026128,0,0,-0.00010213124915026128,1,0,0,15.039681434631348,49.323768615722656,-40.298011779785156,1,0,0,1,0,0,1,0,0,-1,0,0,0,-72.24620819091797,0,87.23304748535156,1,0,0,1,0,0,1,0,0,-1,0,0,0,-62.24100112915039,0,87.23304748535156,1,0,0,-1,0,0,1,0,0,1,0,0,0,-26.96394157409668,0,46.096561431884766,1,0,0,1,0,0,1,0,0,-1,0,0,0,-62.24100112915039,0,79.23304748535156,1,1,0,0,0,0,1,0,0,0,0,1,0,-29.03683090209961,0,77.3734359741211,1,1,0,0,0,0,0,1,0,0,-1,0,0,-27.53683090209961,8.96910285949707,23.122068405151367,1,0,0,1,0,0,1,0,0,-1,0,0,0,-21.381507873535156,0,87.23304748535156,1,0,0,1,0,0,1,0,0,-1,0,0,0,-11.381507873535156,0,87.23304748535156,1,0,0,-1,0,0,1,0,0,1,0,0,0,23.900758743286133,0,46.096561431884766,1,0,0,1,0,0,1,0,0,-1,0,0,0,-11.381507873535156,0,79.23304748535156,1,1,0,0,0,0,1,0,0,0,0,1,0,21.827869415283203,0,77.32677459716797,1,1,0,0,0,0,0,1,0,0,-1,0,0,22.994535446166992,8.96910285949707,23.075401306152344,1,-1,0,0,0,0,-1,0,0,0,0,1,0,-33.1364860534668,56.00562286376953,-6.421969890594482,1],"ids":[1650258,1651244,1721770,1721783,1721796,1721829,1721862,1722506,1723648,1723661,1723674,1723707,1723740,1724729,1808946]}