{"matrices":[1,0,0,0,0,1,0,0,0,0,1,0,0,0,0,1,-1,0,0,0,0,-1,0,0,0,0,1,0,-33.1364860534668,63.22047424316406,0,1,-1,-0.00010213124915026128,0,0,0,0,1,0,-0.00010213124915026128,1,0,0,-33.138797760009766,49.31884765625,-55.34000778198242,1,-1,0.00019886081281583756,5.38653388559851e-9,0,-1.368007840341079e-8,-0.00004170527245150879,-1,0,-0.00019886081281583756,-1,0.0000417052760894876,0,-33.140987396240234,4.042962551116943,10.797643661499023,1],"ids":[1650647,1650660,1651281,1652723]}