{"matrices":[1,0,0,0,0,1,0,0,0,0,1,0,0,0,0,1,1,0,0,0,0,1,0,0,0,0,1,0,-3.1016759872436523,0,0,1,1,0,0,0,0,1,0,0,0,0,1,0,-6.203351974487305,0,0,1],"ids":[1127896,1127913,1127930]}