{"matrices":[1,0,0,0,0,1,0,0,0,0,1,0,0,0,0,1,1,0,0,0,0,1,0,0,0,0,1,0,50.531368255615234,0,-0.046666666865348816,1],"ids":[1727221,1727234]}