{"matrices":[1,0,0,0,0,1,0,0,0,0,1,0,0,0,0,1,1,0,0,0,0,1,0,0,0,0,1,0,-16,0,-1.1368683772161603e-13,1,1,0,0,0,0,1,0,0,0,0,1,0,-32,0,-1.1368683772161603e-13,1,1,0,0,0,0,1,0,0,0,0,1,0,-48,0,-1.9895196601282805e-13,1,1,0,0,0,0,1,0,0,0,0,1,0,-64,0,-1.9895196601282805e-13,1,1,0,0,0,0,1,0,0,0,0,1,0,16,48,0,1,1,0,0,0,0,1,0,0,0,0,1,0,0,48,0,1,1,0,0,0,0,1,0,0,0,0,1,0,-16,48,-1.1368683772161603e-13,1,1,0,0,0,0,1,0,0,0,0,1,0,-32,48,-1.1368683772161603e-13,1,1,0,0,0,0,1,0,0,0,0,1,0,-48,48,-1.9895196601282805e-13,1,1,0,0,0,0,1,0,0,0,0,1,0,-64,48,-1.9895196601282805e-13,1],"ids":[1139769,1139820,1139871,1139922,1139973,1176338,1176389,1176440,1176491,1176542,1176593]}