{"matrices":[1,0,0,0,0,1,0,0,0,0,1,0,0,0,0,1,1,0,0,0,0,1,0,0,0,0,1,0,10,0,2.842170943040401e-14,1,1,0,0,0,0,1,0,0,0,0,1,0,32,0,9.947598300641403e-14,1,0,0,-1,0,0,1,0,0,1,0,0,0,-43.125247955322266,0,23.264171600341797,1,0,0,1,0,0,1,0,0,-1,0,0,0,-1.8556196689605713,0,-127.72370910644531,1,0,0,1,0,0,1,0,0,-1,0,0,0,-23.855619430541992,0,-92.68204498291016,1,0,0,-1,0,0,1,0,0,1,0,0,0,-39.458580017089844,0,57.5141716003418,1,0,0,1,0,0,1,0,0,-1,0,0,0,4.894380569458008,0,-89.47370910644531,1,0,0,1,0,0,1,0,0,-1,0,0,0,18.97771453857422,0,-97.51016998291016,1],"ids":[1810503,1810528,1810553,1811074,1811099,1811124,1811149,1811174,1811337]}