{"matrices":[1,0,0,0,0,1,0,0,0,0,1,0,0,0,0,1,0,0,-1,0,0,-1,0,0,-1,0,0,0,-41.97768783569336,36.72047424316406,-15.97768783569336,1,-1,0,0,0,0,1,0,0,0,0,-1,0,27.224803924560547,0,-96.42242431640625,1,1,0,0,0,0,1,0,0,0,0,1,0,3.9695870876312256,0,-17.707883834838867,1,0,0,-1,0,0,-1,0,0,-1,0,0,0,-42.94643783569336,35.22047424316406,-24.756816864013672,1],"ids":[1434093,1434133,1448126,1511413,1511451]}