{"matrices":[1,0,0,0,0,1,0,0,0,0,1,0,0,0,0,1,-1,0,0,0,0,-0.7071067690849304,0.7071067690849304,0,0,0.7071067690849304,0.7071067690849304,0,28.175384521484375,58.72894287109375,-22.322856903076172,1],"ids":[1711990,1712005]}