{"matrices":[1,0,0,0,0,1,0,0,0,0,1,0,0,0,0,1,0,-1,0,0,-1,0,0,0,0,0,-1,0,35.06334686279297,18.42182159423828,-88.13031005859375,1,1,0,0,0,0,1,0,0,0,0,1,0,-0.7212581038475037,-1.5,-8.779129028320312,1],"ids":[1442132,1511200,1511607]}