{"matrices":[1,0,0,0,0,1,0,0,0,0,1,0,0,0,0,1,1,0,0,0,0,1,0,0,0,0,1,0,-1.1368683772161603e-13,0,24.47083282470703,1,1,0,0,0,0,1,0,0,0,0,1,0,0,8.9375,0,1,1,0,0,0,0,1,0,0,0,0,1,0,-1.1368683772161603e-13,8.9375,24.47083282470703,1],"ids":[1154687,1154774,1154999,1155067]}