{"matrices":[1,0,0,0,0,1,0,0,0,0,1,0,0,0,0,1,0.9999457597732544,-0.010414971970021725,0.00010848928650375456,0,0.01041497103869915,0.9999457597732544,0.000006878753083583433,0,-0.00010855504660867155,-0.0000057484671742713545,1,0,-15.023699760437012,-0.17245300114154816,-10.962231636047363,1,0,0,1,0,0.9999457001686096,0.010422415100038052,0,0,-0.010422415100038052,0.9999457001686096,0,0,-16.451629638671875,49.68359375,-54.42197036743164,1,0,-1,0,0,0.9999457001686096,0,0.010422415100038052,0,-0.010422415100038052,0,0.9999457001686096,0,-1.3213638067245483,32.24513244628906,87.87699127197266,1,0,-1,0,0,0.010422415100038052,0,-0.9999457001686096,0,0.9999457001686096,0,0.010422415100038052,0,64.909912109375,32.24513244628906,53.05955123901367,1],"ids":[1601033,1604256,1607435,1724716,1725551]}