{"matrices":[1,0,0,0,0,1,0,0,0,0,1,0,0,0,0,1,1,0,0,0,0,1,0,0,0,0,1,0,-11.916666984558105,0,11.666666984558105,1,0,0,-1,0,0,1,0,0,1,0,0,0,-37.000247955322266,0,-69.94937133789062,1,0,0,1,0,0,1,0,0,-1,0,0,0,-51.511871337890625,0,-50.64558792114258,1,-1,0,0,0,0,1,0,0,0,0,-1,0,-22.407949447631836,0,-50.71995544433594,1,-1,0,0,0,0,1,0,0,0,0,-1,0,-18.907949447631836,0,-50.71995544433594,1],"ids":[1441199,1441226,1462108,1462133,1511104,1511129]}