{"matrices":[1,0,0,0,0,1,0,0,0,0,1,0,0,0,0,1,1,0,0,0,0,1,0,0,0,0,1,0,9.715277671813965,0,9.947598300641403e-14,1],"ids":[1151414,1151467]}