{"matrices":[1,0,0,0,0,1,0,0,0,0,1,0,0,0,0,1,1,0,0,0,0,1,0,0,0,0,1,0,0,-0.000012998791135032661,-3.1664695739746094,1,1,0,0,0,0,1,0,0,0,0,1,0,0,14.743305206298828,0.00019725669699255377,1,1,0,0,0,0,1,0,0,0,0,1,0,0,14.743305206298828,-3.1664693355560303,1,1,0,0,0,0,1,0,0,0,0,1,0,0,26.743305206298828,0.00019725669699255377,1,1,0,0,0,0,1,0,0,0,0,1,0,0,26.743305206298828,-3.1664693355560303,1],"ids":[1253092,1253133,1268829,1268853,1270567,1270591]}