{"matrices":[1,0,0,0,0,1,0,0,0,0,1,0,0,0,0,1,1,0,0,0,0,1,0,0,0,0,1,0,1.4583333730697632,-4.791666507720947,0,1],"ids":[2176923,2176940]}