{"matrices":[1,0,0,0,0,1,0,0,0,0,1,0,0,0,0,1,1,0,0,0,0,1,0,0,0,0,1,0,0,0,3,1,1,0,0,0,0,1,0,0,0,0,1,0,0,-0.00012235066969878972,-5.572916507720947,1,-1,0,0,0,0,1,0,0,0,0,-1,0,-32.67878341674805,-0.00012235066969878972,-52.55329132080078,1,1,0,0,0,0,1,0,0,0,0,1,0,0,14.750197410583496,0,1,1,0,0,0,0,1,0,0,0,0,1,0,0,14.750197410583496,3,1,1,0,0,0,0,1,0,0,0,0,1,0,0,14.750197410583496,-5.572916507720947,1,-1,0,0,0,0,1,0,0,0,0,-1,0,-32.67878341674805,14.750197410583496,-52.55329132080078,1,1,0,0,0,0,1,0,0,0,0,1,0,0,26.75019645690918,0,1,1,0,0,0,0,1,0,0,0,0,1,0,0,26.75019645690918,3,1,1,0,0,0,0,1,0,0,0,0,1,0,0,26.75019645690918,-5.572916507720947,1,-1,0,0,0,0,1,0,0,0,0,-1,0,-32.67878341674805,26.75019645690918,-52.55329132080078,1],"ids":[1266518,1266548,1266576,1266604,1269165,1269189,1269213,1269237,1270812,1270836,1270860,1270884]}