{"matrices":[1,0,0,0,0,1,0,0,0,0,1,0,0,0,0,1,1,0,0,0,0,1,0,0,0,0,1,0,-11.982157707214355,0,-1.1368683772161603e-13,1,1,0,0,0,0,1,0,0,0,0,1,0,-16,0,-1.1368683772161603e-13,1,1,0,0,0,0,1,0,0,0,0,1,0,-27.982158660888672,0,-1.1368683772161603e-13,1,1,0,0,0,0,1,0,0,0,0,1,0,-32,0,-1.1368683772161603e-13,1,1,0,0,0,0,1,0,0,0,0,1,0,-43.98215866088867,0,-1.9895196601282805e-13,1,1,0,0,0,0,1,0,0,0,0,1,0,-48,0,-1.9895196601282805e-13,1,1,0,0,0,0,1,0,0,0,0,1,0,-59.98215866088867,0,-1.9895196601282805e-13,1],"ids":[1125790,1125877,1126317,1126385,1126825,1126893,1127333,1127401]}