{"matrices":[1,0,0,0,0,1,0,0,0,0,1,0,0,0,0,1,0,0,1,0,0,1,0,0,-1,0,0,0,13.951671600341797,0,-17.764829635620117,1],"ids":[1392005,1392952]}