{"matrices":[1,0,0,0,0,1,0,0,0,0,1,0,0,0,0,1,1,0,0,0,0,1,0,0,0,0,1,0,-16,0,-1.1368683772161603e-13,1,1,0,0,0,0,1,0,0,0,0,1,0,-32,0,-1.1368683772161603e-13,1,1,0,0,0,0,1,0,0,0,0,1,0,-48,0,-1.9895196601282805e-13,1,1,0,0,0,0,1,0,0,0,0,1,0,-64,0,-1.9895196601282805e-13,1],"ids":[1162688,1162762,1162813,1162864,1162915]}