{"matrices":[1,0,0,0,0,1,0,0,0,0,1,0,0,0,0,1,0,0,1,0,0,1,0,0,-1,0,0,0,-7.992713451385498,0,48.770511627197266,1],"ids":[1806121,1808384]}