{"matrices":[1,0,0,0,0,1,0,0,0,0,1,0,0,0,0,1,1,0,0,0,0,1,2.789435349370706e-15,0,0,-2.789435349370706e-15,1,0,0,-0.02864583395421505,-2.75,1,1,0,0,0,0,1,6.701236787698406e-15,0,0,-6.701236787698406e-15,1,0,0,-0.078125,-7.5,1,0,0,1,0,1.5005358067199381e-15,1,0,0,-1,1.5005358067199381e-15,0,0,-51.74103546142578,-0.26958993077278137,-29.952472686767578,1],"ids":[1596209,1596301,1596393,1607418]}