{"matrices":[1,0,0,0,0,1,0,0,0,0,1,0,0,0,0,1,1,0,0,0,0,1,0,0,0,0,1,0,-2.842170943040401e-14,0,8.97743034362793,1],"ids":[1612063,1612098]}