{"matrices":[1,0,0,0,0,1,0,0,0,0,1,0,0,0,0,1,1,0,0,0,0,1,0,0,0,0,1,0,-14.083333015441895,0,0,1,1,0,0,0,0,1,0,0,0,0,1,0,23.04166603088379,0,4,1,1,0,0,0,0,1,0,0,0,0,1,0,23.125,0,15.666666984558105,1,-1,0,0,0,0,1,0,0,0,0,-1,0,-50.3454475402832,0,-31.30328941345215,1,0,0,1,0,0,1,0,0,-1,0,0,0,-79.97019958496094,0,-22.103919982910156,1,0,0,-1,0,0,1,0,0,1,0,0,0,-8.541913032531738,0,-97.99103546142578,1,0,0,1,0,0,1,0,0,-1,0,0,0,-25.016298294067383,0,39.3191032409668,1,-1,0,0,0,0,1,0,0,0,0,-1,0,-78.26211547851562,0,-46.96995544433594,1],"ids":[1439704,1439727,1439750,1439773,1440304,1440803,1440826,1442058,1442081]}