{"matrices":[1,0,0,0,0,1,0,0,0,0,1,0,0,0,0,1,-1,0.0000630081704002805,0,0,0.0000630081704002805,1,0,0,0,0,-1,0,-23.0125789642334,1.048984169960022,-86.8037109375,1,-1,0.00008292584971059114,0,0,0.00008292584971059114,1,0,0,0,0,-1,0,-23.012727737426758,1.0254762172698975,-89.08746337890625,1,-1,0.00014599843416363,0,0,0.00014599843416363,1,0,0,0,0,-1,0,-23.01319694519043,1.001544713973999,-91.47038269042969,1],"ids":[1606274,1607361,1607673,1608826]}