{"matrices":[1,0,0,0,0,1,0,0,0,0,1,0,0,0,0,1,1,0,0,0,0,1,0,0,0,0,1,0,50.86470031738281,0,1.8047785488306545e-12,1],"ids":[1695673,1703830]}