{"matrices":[1,0,0,0,0,1,0,0,0,0,1,0,0,0,0,1,1,0,0,0,0,1,0,0,0,0,1,0,0,0,2.1963648796081543,1,-1,0,0,0,0,1,0,0,0,0,-1,0,333.654541015625,0,20.628225326538086,1,-1,0,0,0,0,1,0,0,0,0,-1,0,333.654541015625,0,18.628225326538086,1,1,0,0,0,0,1,0,0,0,0,1,0,0,-12,0,1,1,0,0,0,0,1,0,0,0,0,1,0,0,-12,2.1963648796081543,1,-1,0,0,0,0,1,0,0,0,0,-1,0,333.654541015625,-12,20.628225326538086,1,-1,0,0,0,0,1,0,0,0,0,-1,0,333.654541015625,-12,18.628225326538086,1,1,0,0,0,0,1,0,0,0,0,1,0,0,12,0,1,1,0,0,0,0,1,0,0,0,0,1,0,0,12,2.1963648796081543,1,-1,0,0,0,0,1,0,0,0,0,-1,0,333.654541015625,12,20.628225326538086,1,-1,0,0,0,0,1,0,0,0,0,-1,0,333.654541015625,12,18.628225326538086,1,1,0,0,0,0,1,0,0,0,0,1,0,0,24,0,1,1,0,0,0,0,1,0,0,0,0,1,0,0,24,2.1963648796081543,1,-1,0,0,0,0,1,0,0,0,0,-1,0,333.654541015625,24,20.628225326538086,1,-1,0,0,0,0,1,0,0,0,0,-1,0,333.654541015625,24,18.628225326538086,1,1,0,0,0,0,1,0,0,0,0,1,0,-197.2916717529297,-38.75,-30.16008758544922,1,1,0,0,0,0,1,0,0,0,0,1,0,-197.2916717529297,-38.75,-32.91008758544922,1,1,0,0,0,0,1,0,0,0,0,1,0,-197.2916717529297,-38.75,-27.41008758544922,1,-1,0,0,0,0,1,0,0,0,0,-1,0,162.67538452148438,-38.75,-11.392012596130371,1,-1,0,0,0,0,1,0,0,0,0,-1,0,162.67538452148438,-38.75,-8.642012596130371,1,-1,0,0,0,0,1,0,0,0,0,-1,0,162.67538452148438,-38.75,-14.142012596130371,1],"ids":[1203878,1203928,1204044,1204070,1205814,1205840,1205886,1205912,1207605,1207631,1207677,1207703,1209396,1209422,1209468,1209494,1644201,1644231,1644261,1644291,1644321,1644351]}