{"matrices":[1,0,0,0,0,1,0,0,0,0,1,0,0,0,0,1,1,0,0,0,0,1,0,0,0,0,1,0,-16,0,-1.1368683772161603e-13,1,1,0,0,0,0,1,0,0,0,0,1,0,-32,0,-1.1368683772161603e-13,1,1,0,0,0,0,1,0,0,0,0,1,0,-48,0,-1.9895196601282805e-13,1,1,0,0,0,0,1,0,0,0,0,1,0,-64,0,-1.9895196601282805e-13,1,1,0,0,0,0,1,0,0,0,0,1,0,0,12,0,1,1,0,0,0,0,1,0,0,0,0,1,0,-16,12,-1.1368683772161603e-13,1,1,0,0,0,0,1,0,0,0,0,1,0,-32,12,-1.1368683772161603e-13,1,1,0,0,0,0,1,0,0,0,0,1,0,-48,12,-1.9895196601282805e-13,1,1,0,0,0,0,1,0,0,0,0,1,0,-64,12,-1.9895196601282805e-13,1,1,0,0,0,0,1,0,0,0,0,1,0,0,24,0,1,1,0,0,0,0,1,0,0,0,0,1,0,-16,24,-1.1368683772161603e-13,1,1,0,0,0,0,1,0,0,0,0,1,0,-32,24,-1.1368683772161603e-13,1,1,0,0,0,0,1,0,0,0,0,1,0,-48,24,-1.9895196601282805e-13,1,1,0,0,0,0,1,0,0,0,0,1,0,-64,24,-1.9895196601282805e-13,1,1,0,0,0,0,1,0,0,0,0,1,0,0,36,0,1,1,0,0,0,0,1,0,0,0,0,1,0,-16,36,-1.1368683772161603e-13,1,1,0,0,0,0,1,0,0,0,0,1,0,-32,36,-1.1368683772161603e-13,1,1,0,0,0,0,1,0,0,0,0,1,0,-48,36,-1.9895196601282805e-13,1,1,0,0,0,0,1,0,0,0,0,1,0,-64,36,-1.9895196601282805e-13,1,1,0,0,0,0,1,0,0,0,0,1,0,0,48,0,1,1,0,0,0,0,1,0,0,0,0,1,0,-16,48,-1.1368683772161603e-13,1,1,0,0,0,0,1,0,0,0,0,1,0,-32,48,-1.1368683772161603e-13,1,1,0,0,0,0,1,0,0,0,0,1,0,-48,48,-1.9895196601282805e-13,1,1,0,0,0,0,1,0,0,0,0,1,0,-64,48,-1.9895196601282805e-13,1],"ids":[1139325,1139399,1139450,1139501,1139552,1162330,1162381,1162432,1162483,1162534,1166467,1166518,1166569,1166620,1166671,1171255,1171306,1171357,1171408,1171459,1176043,1176094,1176145,1176196,1176247]}