{"matrices":[1,0,0,0,0,1,0,0,0,0,1,0,0,0,0,1,1,0,0,0,0,1,3.0010716134398763e-15,0,0,-3.0010716134398763e-15,1,0,0,-0.02864583395421505,-2.75,1,0,0,1,0,-7.997075224253081e-16,-1,0,0,1,-7.997075224253081e-16,0,0,4.61478853225708,45.91981887817383,-0.27763810753822327,1],"ids":[1645584,1645673,2177689]}