{"matrices":[1,0,0,0,0,1,0,0,0,0,1,0,0,0,0,1,1,0,0,0,0,1,0,0,0,0,1,0,10.157480239868164,0,0,1,1,0,0,0,0,1,0,0,0,0,1,0,20.039369583129883,0,2.842170943040401e-14,1,1,0,0,0,0,1,0,0,0,0,1,0,29.88188934326172,0,5.684341886080802e-14,1,1,0,0,0,0,1,0,0,0,0,1,0,29.88188934326172,0,9,1,1,0,0,0,0,1,0,0,0,0,1,0,19.88188934326172,0,9,1,1,0,0,0,0,1,0,0,0,0,1,0,10,0,9,1,1,0,0,0,0,1,0,0,0,0,1,0,0,0,9,1],"ids":[1010234,1010247,1010260,1010273,1010286,1010299,1010312,1010325]}