{"matrices":[1,0,0,0,0,1,0,0,0,0,1,0,0,0,0,1,-1,0,0,0,0,-1,0,0,0,0,1,0,-88.31910705566406,63.22047424316406,0,1],"ids":[1723363,1725460]}