{"matrices":[1,0,0,0,0,1,0,0,0,0,1,0,0,0,0,1,0,0,-1,0,0,1,0,0,1,0,0,0,-41.974205017089844,0,81.26840209960938,1,1,0,0,0,0,1,0,0,0,0,1,0,-96.96353912353516,0,-34.31770706176758,1,1,0,0,0,0,1,0,0,0,0,1,0,-54.31501770019531,0,-8.526512829121202e-14,1],"ids":[1729414,1735056,1776995,1801654]}