{"matrices":[1,0,0,0,0,1,0,0,0,0,1,0,0,0,0,1,0,0,-1,0,0,1,0,0,1,0,0,0,-107.63314819335938,0,34.41263961791992,1,0,0,1,0,0,1,0,0,-1,0,0,0,69.2876968383789,0,123.62278747558594,1,-1,0,0,0,0,1,0,0,0,0,-1,0,-60.33673858642578,0,87.21754455566406,1,1,0,0,0,0,1,0,0,0,0,1,0,50.86470031738281,0,0,1],"ids":[1673162,1673197,1673231,1673798,1674272]}