{"matrices":[1,0,0,0,0,1,0,0,0,0,1,0,0,0,0,1,1,0,0,0,0,1,0,0,0,0,1,0,0,2.6692707538604736,0,1,1,0,0,0,0,1,0,0,0,0,1,0,32,0,9.947598300641403e-14,1,1,0,0,0,0,1,0,0,0,0,1,0,32,2.6692707538604736,9.947598300641403e-14,1],"ids":[1148470,1148521,1151310,1151361]}