{"matrices":[1,0,0,0,0,1,0,0,0,0,1,0,0,0,0,1,-1,0,0,0,0,1,0,0,0,0,-1,0,90.32122039794922,26.75,56.57170867919922,1,1,0,0,0,0,1,0,0,0,0,1,0,19.33333396911621,26.75,1.1666666269302368,1,-1,0,0,0,0,1,0,0,0,0,-1,0,109.65454864501953,74.75,51.05608367919922,1],"ids":[1189603,1196375,1196409,1382452]}