{"matrices":[1,0,0,0,0,1,0,0,0,0,1,0,0,0,0,1,1,0,0,0,0,1,0,0,0,0,1,0,10.028645515441895,0,0,1,0,-1,0,0,0,0,1,0,-1,0,0,0,-54.621246337890625,1.70834481716156,-59.06249237060547,1],"ids":[1447423,1447482,1455108]}