{"matrices":[1,0,0,0,0,1,0,0,0,0,1,0,0,0,0,1,1,0,0,0,0,1,0,0,0,0,1,0,14.083333015441895,0,-2.842170943040401e-14,1,1,0,0,0,0,1,0,0,0,0,1,0,28.125,0,5.684341886080802e-14,1,0,0,1,0,0,1,0,0,-1,0,0,0,-82.97019958496094,0,-5.999753475189209,1,0,0,-1,0,0,1,0,0,1,0,0,0,-5.541913032531738,0,-124.09519958496094,1],"ids":[971908,971943,971977,972286,972320]}