{"matrices":[1,0,0,0,0,1,0,0,0,0,1,0,0,0,0,1,1,0,0,0,0,1,0,0,0,0,1,0,0,0,6.97743034362793,1,1,0,0,0,0,1,0,0,0,0,1,0,0,0,15.95486068725586,1,1,0,0,0,0,1,0,0,0,0,1,0,0,0,24.93229103088379,1,1,0,0,0,0,1,0,0,0,0,1,0,15.5,0,0,1,1,0,0,0,0,1,0,0,0,0,1,0,15.049479484558105,0,7.072048664093018,1,1,0,0,0,0,1,0,0,0,0,1,0,15.049479484558105,0,17.07204818725586,1,1,0,0,0,0,1,0,0,0,0,1,0,39.79948043823242,0,7.072048664093018,1,1,0,0,0,0,1,0,0,0,0,1,0,39.79948043823242,0,17.07204818725586,1,1,0,0,0,0,1,0,0,0,0,1,0,37.5,0,0,1,1,0,0,0,0,1,0,0,0,0,1,0,63.65104293823242,0,0,1,1,0,0,0,0,1,0,0,0,0,1,0,49.65104293823242,0,9.440997123718262,1,1,0,0,0,0,1,0,0,0,0,1,0,63.65104293823242,0,9.440997123718262,1,1,0,0,0,0,1,0,0,0,0,1,0,15.276041984558105,0,26.19704818725586,1,1,0,0,0,0,1,0,0,0,0,1,0,15.276041984558105,0,36.19704818725586,1,1,0,0,0,0,1,0,0,0,0,1,0,49.65104293823242,0,0,1],"ids":[1679534,1679557,1679580,1679603,1679626,1679649,1679672,1679695,1679718,1679741,1679764,1679787,1679810,1683009,1683032,1776930]}