{"matrices":[1,0,0,0,0,1,0,0,0,0,1,0,0,0,0,1,1,0,0,0,0,1,0,0,0,0,1,0,3.552713678800501e-15,0,4.339279651641846,1,1,0,0,0,0,1,0,0,0,0,1,0,3.552713678800501e-15,13,0,1,1,0,0,0,0,1,0,0,0,0,1,0,3.552713678800501e-15,13,4.339279651641846,1,1,0,0,0,0,1,0,0,0,0,1,0,3.552713678800501e-15,26,0,1,1,0,0,0,0,1,0,0,0,0,1,0,3.552713678800501e-15,26,4.339279651641846,1],"ids":[1662379,1662398,1662417,1662436,1662455,1662474]}