{"matrices":[1,0,0,0,0,1,0,0,0,0,1,0,0,0,0,1,0,0,-1,0,1,0,0,0,0,-1,0,0,-68.43400573730469,70.63567352294922,-38.35530090332031,1,0,0,-1,0,1,0,0,0,0,-1,0,0,-68.43400573730469,70.63567352294922,-31.377870559692383,1,0,0,-1,0,1,0,0,0,0,-1,0,0,-68.43400573730469,70.63567352294922,-22.400440216064453,1,0,0,-1,0,1,0,0,0,0,-1,0,0,-68.43400573730469,70.63567352294922,-13.423009872436523,1,0,0,-1,0,1,0,0,0,0,-1,0,0,-30.934001922607422,70.63567352294922,-38.35530090332031,1],"ids":[1398719,1776384,1776401,1776418,1776435,1776452]}