{"matrices":[1,0,0,0,0,1,0,0,0,0,1,0,0,0,0,1,1,0,0,0,0,1,0,0,0,0,1,0,9.5,0,2.842170943040401e-14,1,1,0,0,0,0,1,0,0,0,0,1,0,5.058939456939697,0,14.296875,1,1,0,0,0,0,1,0,0,0,0,1,0,27.04765510559082,0,14.796875,1,1,0,0,0,0,1,0,0,0,0,1,0,22.491289138793945,0,7.105427357601002e-14,1,1,0,0,0,0,1,0,0,0,0,1,0,32.04765319824219,0,9.947598300641403e-14,1,1,0,0,0,0,1,0,0,0,0,1,0,-31.373411178588867,0,66.61206817626953,1,1,0,0,0,0,1,0,0,0,0,1,0,-19.373411178588867,0,66.61206817626953,1,1,0,0,0,0,1,0,0,0,0,1,0,-5.592160224914551,0,66.61206817626953,1,1,0,0,0,0,1,0,0,0,0,1,0,6.26727294921875,0,66.61206817626953,1,1,0,0,0,0,1,0,0,0,0,1,0,19.84018898010254,0,66.61206817626953,1,1,0,0,0,0,1,0,0,0,0,1,0,32.61629104614258,0,66.61206817626953,1,1,0,0,0,0,1,0,0,0,0,1,0,-24.816652297973633,0,44.78041458129883,1,1,0,0,0,0,1,0,0,0,0,1,0,0.6156969666481018,0,44.78041458129883,1,1,0,0,0,0,1,0,0,0,0,1,0,26.048046112060547,0,44.78041458129883,1],"ids":[1716223,1716242,1716261,1716280,1716299,1716318,1716337,1716356,1716375,1716394,1716413,1716432,1716451,1716470,1716489]}