{"matrices":[1,0,0,0,0,1,0,0,0,0,1,0,0,0,0,1,1,0,0,0,0,1,0,0,0,0,1,0,0,0,2.75,1,1,0,0,0,0,1,0,0,0,0,1,0,166.2083282470703,53.5,52.40625,1,1,0,0,0,0,1,0,0,0,0,1,0,166.2083282470703,41.5,52.40625,1,1,0,0,0,0,1,0,0,0,0,1,0,166.2083282470703,65.5,52.40625,1,1,0,0,0,0,1,0,0,0,0,1,0,166.2083282470703,77.5,52.40625,1],"ids":[972913,972943,1182561,1205234,1207025,1208816]}