{"matrices":[1,0,0,0,0,1,0,0,0,0,1,0,0,0,0,1,1,0,0,0,0,1,0,0,0,0,1,0,3.552713678800501e-15,0,5.5559983253479,1,1,0,0,0,0,1,0,0,0,0,1,0,3.552713678800501e-15,0,11.1119966506958,1,1,0,0,0,0,1,0,0,0,0,1,0,3.552713678800501e-15,0,16.66799545288086,1,1,0,0,0,0,1,0,0,0,0,1,0,3.552713678800501e-15,0,22.2239933013916,1,1,0,0,0,0,1,0,0,0,0,1,0,3.552713678800501e-15,0,27.779991149902344,1,1,0,0,0,0,1,0,0,0,0,1,0,3.552713678800501e-15,0,33.33599090576172,1,1,0,0,0,0,1,0,0,0,0,1,0,3.552713678800501e-15,0,38.89198684692383,1,1,0,0,0,0,1,0,0,0,0,1,0,3.552713678800501e-15,0,44.4479866027832,1,1,0,0,0,0,1,0,0,0,0,1,0,3.552713678800501e-15,0,50.00398635864258,1,1,0,0,0,0,1,0,0,0,0,1,0,3.552713678800501e-15,13,7.105427357601002e-15,1,1,0,0,0,0,1,0,0,0,0,1,0,3.552713678800501e-15,13,5.5559983253479,1,1,0,0,0,0,1,0,0,0,0,1,0,3.552713678800501e-15,13,11.1119966506958,1,1,0,0,0,0,1,0,0,0,0,1,0,3.552713678800501e-15,13,16.66799545288086,1,1,0,0,0,0,1,0,0,0,0,1,0,3.552713678800501e-15,13,22.2239933013916,1,1,0,0,0,0,1,0,0,0,0,1,0,3.552713678800501e-15,13,27.779991149902344,1,1,0,0,0,0,1,0,0,0,0,1,0,3.552713678800501e-15,13,33.33599090576172,1,1,0,0,0,0,1,0,0,0,0,1,0,3.552713678800501e-15,13,38.89198684692383,1,1,0,0,0,0,1,0,0,0,0,1,0,3.552713678800501e-15,13,44.4479866027832,1,1,0,0,0,0,1,0,0,0,0,1,0,3.552713678800501e-15,13,50.00398635864258,1,1,0,0,0,0,1,0,0,0,0,1,0,3.552713678800501e-15,26,7.105427357601002e-15,1,1,0,0,0,0,1,0,0,0,0,1,0,3.552713678800501e-15,26,5.5559983253479,1,1,0,0,0,0,1,0,0,0,0,1,0,3.552713678800501e-15,26,11.1119966506958,1,1,0,0,0,0,1,0,0,0,0,1,0,3.552713678800501e-15,26,16.66799545288086,1,1,0,0,0,0,1,0,0,0,0,1,0,3.552713678800501e-15,26,22.2239933013916,1,1,0,0,0,0,1,0,0,0,0,1,0,3.552713678800501e-15,26,27.779991149902344,1,1,0,0,0,0,1,0,0,0,0,1,0,3.552713678800501e-15,26,33.33599090576172,1,1,0,0,0,0,1,0,0,0,0,1,0,3.552713678800501e-15,26,38.89198684692383,1,1,0,0,0,0,1,0,0,0,0,1,0,3.552713678800501e-15,26,44.4479866027832,1,1,0,0,0,0,1,0,0,0,0,1,0,3.552713678800501e-15,26,50.00398635864258,1],"ids":[1022815,1022834,1022853,1022872,1022891,1022910,1022929,1022948,1022967,1022986,1023005,1023024,1023043,1023062,1023081,1023100,1023119,1023138,1023157,1023176,1023195,1023214,1023233,1023252,1023271,1023290,1023309,1023328,1023347,1023366]}