{"matrices":[1,0,0,0,0,1,0,0,0,0,1,0,0,0,0,1,1,0,0,0,0,1,0,0,0,0,1,0,0,3,0,1,1,0,0,0,0,1,0,0,0,0,1,0,16,0,1.1368683772161603e-13,1,1,0,0,0,0,1,0,0,0,0,1,0,16,3,1.1368683772161603e-13,1,1,0,0,0,0,1,0,0,0,0,1,0,48,0,2.1316282072803006e-13,1,1,0,0,0,0,1,0,0,0,0,1,0,48,3,2.1316282072803006e-13,1],"ids":[1145554,1145605,1146974,1147025,1149890,1149941]}