{"matrices":[1,0,0,0,0,1,0,0,0,0,1,0,0,0,0,1,1,0,0,0,0,1,0,0,0,0,1,0,32.73761749267578,0,88.53160095214844,1,1,0,0,0,0,1,0,0,0,0,1,0,10.089445114135742,0,110.91800689697266,1,1,0,0,0,0,1,0,0,0,0,1,0,-29.18073081970215,0,111.01988983154297,1],"ids":[1396107,1397426,1397449,1397472]}