{"matrices":[1,0,0,0,0,1,0,0,0,0,1,0,0,0,0,1,1,0,0,0,0,1,0,0,0,0,1,0,0,0,5.777777671813965,1,1,0,0,0,0,1,0,0,0,0,1,0,0,0,11.55555534362793,1,1,0,0,0,0,1,0,0,0,0,1,0,0,2.9166667461395264,0,1,1,0,0,0,0,1,0,0,0,0,1,0,0,2.9166667461395264,5.777777671813965,1,1,0,0,0,0,1,0,0,0,0,1,0,0,2.9166667461395264,11.55555534362793,1,1,0,0,0,0,1,0,0,0,0,1,0,0,5.833333492279053,0,1,1,0,0,0,0,1,0,0,0,0,1,0,0,5.833333492279053,5.777777671813965,1,1,0,0,0,0,1,0,0,0,0,1,0,0,5.833333492279053,11.55555534362793,1,1,0,0,0,0,1,0,0,0,0,1,0,0,8.75,0,1,1,0,0,0,0,1,0,0,0,0,1,0,0,8.75,5.777777671813965,1,1,0,0,0,0,1,0,0,0,0,1,0,0,8.75,11.55555534362793,1,1,0,0,0,0,1,0,0,0,0,1,0,0,11.666666984558105,0,1,1,0,0,0,0,1,0,0,0,0,1,0,0,11.666666984558105,5.777777671813965,1,1,0,0,0,0,1,0,0,0,0,1,0,0,11.666666984558105,11.55555534362793,1,1,0,0,0,0,1,0,0,0,0,1,0,0,14.583333015441895,0,1,1,0,0,0,0,1,0,0,0,0,1,0,0,14.583333015441895,5.777777671813965,1,1,0,0,0,0,1,0,0,0,0,1,0,0,14.583333015441895,11.55555534362793,1,1,0,0,0,0,1,0,0,0,0,1,0,0,17.5,0,1,1,0,0,0,0,1,0,0,0,0,1,0,0,17.5,5.777777671813965,1,1,0,0,0,0,1,0,0,0,0,1,0,0,17.5,11.55555534362793,1,1,0,0,0,0,1,0,0,0,0,1,0,0,20.41666603088379,0,1,1,0,0,0,0,1,0,0,0,0,1,0,0,20.41666603088379,5.777777671813965,1,1,0,0,0,0,1,0,0,0,0,1,0,0,20.41666603088379,11.55555534362793,1,1,0,0,0,0,1,0,0,0,0,1,0,0,23.33333396911621,0,1,1,0,0,0,0,1,0,0,0,0,1,0,0,23.33333396911621,5.777777671813965,1,1,0,0,0,0,1,0,0,0,0,1,0,0,23.33333396911621,11.55555534362793,1,1,0,0,0,0,1,0,0,0,0,1,0,0,26.25,0,1,1,0,0,0,0,1,0,0,0,0,1,0,0,26.25,5.777777671813965,1,1,0,0,0,0,1,0,0,0,0,1,0,0,26.25,11.55555534362793,1,1,0,0,0,0,1,0,0,0,0,1,0,0,29.16666603088379,0,1,1,0,0,0,0,1,0,0,0,0,1,0,0,29.16666603088379,5.777777671813965,1,1,0,0,0,0,1,0,0,0,0,1,0,0,29.16666603088379,11.55555534362793,1,1,0,0,0,0,1,0,0,0,0,1,0,0,32.08333206176758,0,1,1,0,0,0,0,1,0,0,0,0,1,0,0,32.08333206176758,5.777777671813965,1,1,0,0,0,0,1,0,0,0,0,1,0,0,32.08333206176758,11.55555534362793,1],"ids":[1188523,1188540,1188557,1188574,1188591,1188608,1188625,1188642,1188659,1188676,1188693,1188710,1188727,1188744,1188761,1188778,1188795,1188812,1188829,1188846,1188863,1188880,1188897,1188914,1188931,1188948,1188965,1188982,1188999,1189016,1189033,1189050,1189067,1189084,1189101,1189118]}