{"matrices":[1,0,0,0,0,1,0,0,0,0,1,0,0,0,0,1,1,0,0,0,0,1,0,0,0,0,1,0,-16,0,-1.1368683772161603e-13,1,1,0,0,0,0,1,0,0,0,0,1,0,-32,0,-1.1368683772161603e-13,1,1,0,0,0,0,1,0,0,0,0,1,0,-48,0,-1.9895196601282805e-13,1,1,0,0,0,0,1,0,0,0,0,1,0,-64,0,-1.9895196601282805e-13,1,1,0,0,0,0,1,0,0,0,0,1,0,0,48,0,1,1,0,0,0,0,1,0,0,0,0,1,0,-16,48,-1.1368683772161603e-13,1,1,0,0,0,0,1,0,0,0,0,1,0,-32,48,-1.1368683772161603e-13,1,1,0,0,0,0,1,0,0,0,0,1,0,-48,48,-1.9895196601282805e-13,1,1,0,0,0,0,1,0,0,0,0,1,0,-64,48,-1.9895196601282805e-13,1],"ids":[1139729,1139803,1139854,1139905,1139956,1176372,1176423,1176474,1176525,1176576]}