{"matrices":[1,0,0,0,0,1,0,0,0,0,1,0,0,0,0,1,-1,0,0,0,0,1,0,0,0,0,-1,0,-89.15795135498047,0,-96.30329132080078,1,-1,0,0,0,0,1,0,0,0,0,-1,0,-89.15795135498047,0,-107.0428695678711,1,1,0,0,0,0,1,0,0,0,0,1,0,0,0,-10.739583015441895,1,1,0,0,0,0,1,0,0,0,0,1,0,0,0,10.739583015441895,1,-1,0,0,0,0,1,0,0,0,0,-1,0,-93.24127960205078,0,-85.56370544433594,1],"ids":[1532658,1532671,1532684,1532697,1532710,1532723]}