{"matrices":[1,0,0,0,0,1,0,0,0,0,1,0,0,0,0,1,1,0,0,0,0,1,0,0,0,0,1,0,37.05208206176758,0,1.1368683772161603e-13,1],"ids":[1538748,1538771]}