{"matrices":[1,0,0,0,0,1,0,0,0,0,1,0,0,0,0,1,1,0,0,0,0,1,0,0,0,0,1,0,0,0,3.5364582538604736,1,-1,0,0,0,0,1,0,0,0,0,-1,0,-34.64753341674805,0,-45.03245544433594,1,-1,0,0,0,0,1,0,0,0,0,-1,0,-34.64753341674805,0,-41.49599838256836,1,0,0,-1,0,0,1,0,0,1,0,0,0,14.359128952026367,0,-39.4702033996582,1,1,0,0,0,0,1,0,0,0,0,1,0,-9.947598300641403e-13,0,9.734375,1,-1,0,0,0,0,1,0,0,0,0,-1,0,-46.793365478515625,0,-50.2911376953125,1,1,0,0,0,0,1,0,0,0,0,1,0,14.114583015441895,0,-5.25868034362793,1,0,0,1,0,0,1,0,0,-1,0,0,0,-42.308746337890625,0,11.010663032531738,1],"ids":[1718389,1718414,1718437,1718460,1718483,1718506,1718529,1718552,1718760]}