{"matrices":[1,0,0,0,0,1,0,0,0,0,1,0,0,0,0,1,1,0,0,0,0,1,0,0,0,0,1,0,0,16,0,1,0,0,-1,0,0,1,0,0,1,0,0,0,-13.593996047973633,-38.75,-31.360607147216797,1,0,0,-1,0,0,1,0,0,1,0,0,0,-13.609621047973633,-24,-31.360607147216797,1,0,0,-1,0,0,1,0,0,1,0,0,0,10.067461967468262,-24,-32.350189208984375,1,0,0,-1,0,0,1,0,0,1,0,0,0,-13.609621047973633,-12,-31.360607147216797,1],"ids":[1210814,1211384,1266630,1269263,1270035,1270910]}