{"matrices":[1,0,0,0,0,1,0,0,0,0,1,0,0,0,0,1,0,0,-1,0,0,1,0,0,1,0,0,0,-26.336095809936523,0,-69.61859130859375,1,-1,0,0,0,0,1,0,0,0,0,-1,0,79.65858459472656,0.6666839718818665,73.19670867919922,1],"ids":[1720625,1721309,1721435]}