{"matrices":[1,0,0,0,0,1,0,0,0,0,1,0,0,0,0,1,0,0,1,0,0,1,0,0,-1,0,0,0,117.86885833740234,0,37.26960372924805,1,0,0,1,0,0,1,0,0,-1,0,0,0,117.86885833740234,0,32.68627166748047,1],"ids":[973172,982686,982720]}