{"matrices":[1,0,0,0,0,1,0,0,0,0,1,0,0,0,0,1,1,0,0,0,0,1,0,0,0,0,1,0,-20.76110076904297,-2.25,-16.1796875,1,1,0,0,0,0,1,0,0,0,0,1,0,91.5,12.5,43.35416793823242,1,1,0,0,0,0,1,0,0,0,0,1,0,107.5,12.5,43.35416793823242,1,1,0,0,0,0,1,0,0,0,0,1,0,123.5,12.5,43.35416793823242,1],"ids":[1511079,1538609,1810316,1810339,1810362]}