{"matrices":[1,0,0,0,0,1,0,0,0,0,1,0,0,0,0,1,1,0,0,0,0,1,0,0,0,0,1,0,9.715277671813965,0,1.1368683772161603e-13,1,1,0,0,0,0,1,0,0,0,0,1,0,0,8.9375,0,1,1,0,0,0,0,1,0,0,0,0,1,0,9.715277671813965,8.9375,1.1368683772161603e-13,1,1,0,0,0,0,1,0,0,0,0,1,0,16,0,1.1368683772161603e-13,1,1,0,0,0,0,1,0,0,0,0,1,0,25.71527862548828,0,1.1368683772161603e-13,1,1,0,0,0,0,1,0,0,0,0,1,0,16,8.9375,1.1368683772161603e-13,1,1,0,0,0,0,1,0,0,0,0,1,0,25.71527862548828,8.9375,1.1368683772161603e-13,1,1,0,0,0,0,1,0,0,0,0,1,0,48,0,2.1316282072803006e-13,1,1,0,0,0,0,1,0,0,0,0,1,0,57.71527862548828,0,2.1316282072803006e-13,1,1,0,0,0,0,1,0,0,0,0,1,0,48,8.9375,2.1316282072803006e-13,1,1,0,0,0,0,1,0,0,0,0,1,0,57.71527862548828,8.9375,2.1316282072803006e-13,1],"ids":[1145429,1145482,1145639,1145673,1146906,1146940,1147059,1147093,1149822,1149856,1149975,1150009]}