{"matrices":[1,0,0,0,0,1,0,0,0,0,1,0,0,0,0,1,1,0,0,0,0,1,0,0,0,0,1,0,0,0.0603298619389534,2.8958332538604736,1],"ids":[1646173,1646186]}