{"matrices":[1,0,0,0,0,1,0,0,0,0,1,0,0,0,0,1,0,0,-1,0,0,1,0,0,1,0,0,0,10.539684295654297,0,52.250282287597656,1,0,0,1,0,0,1,0,0,-1,0,0,0,44.750282287597656,0,-21.039684295654297,1,0,0,-1,0,0,1,0,0,1,0,0,0,10.539684295654297,0,39.18083953857422,1],"ids":[1716098,1717747,1717770,1717793]}