{"matrices":[1,0,0,0,0,1,0,0,0,0,1,0,0,0,0,1,1,0,0,0,0,1,0,0,0,0,1,0,0,7.9453125,0,1,1,0,0,0,0,1,0,0,0,0,1,0,32,0,9.947598300641403e-14,1],"ids":[1148381,1148572,1151259]}