{"matrices":[1,0,0,0,0,1,0,0,0,0,1,0,0,0,0,1,0,0,1,0,0,1,0,0,-1,0,0,0,-35.136871337890625,0,-9.270586967468262,1,-1,0,0,0,0,1,0,0,0,0,-1,0,-23.366283416748047,0,-50.71995544433594,1],"ids":[973052,973953,1246716]}