{"matrices":[1,0,0,0,0,1,0,0,0,0,1,0,0,0,0,1,-1,0,0,0,0,1,0,0,0,0,-1,0,-69.38711547851562,0,-109.45954132080078,1,0,0,-1,0,0,1,0,0,1,0,0,0,8.739336967468262,0,-67.63774108886719,1,0,0,-1,0,0,1,0,0,1,0,0,0,8.739336967468262,0,-58.660308837890625,1],"ids":[1758511,1758524,1758537,1758573]}