{"matrices":[1,0,0,0,0,1,0,0,0,0,1,0,0,0,0,1,-1,0,0,0,0,1,0,0,0,0,-1,0,-48.637115478515625,0,-92.9178695678711,1,0,0,1,0,0,1,0,0,-1,0,0,0,-15.918119430541992,0,-18.166419982910156,1,1,0,0,0,0,1,0,0,0,0,1,0,34.13541793823242,0,5.448121547698975,1,-1,0,0,0,0,1,0,0,0,0,-1,0,-14.501699447631836,0,-49.34495544433594,1,0,0,1,0,0,1,0,0,-1,0,0,0,-21.24103546142578,0,72.66691589355469,1,0,0,1,0,0,1,0,0,-1,0,0,0,-54.4077033996582,0,72.66691589355469,1,0,0,1,0,0,1,0,0,-1,0,0,0,-83.40769958496094,0,72.66691589355469,1,1,0,0,0,0,1,0,0,0,0,1,0,-9.947598300641403e-13,0,18.08333396911621,1,0,0,-1,0,0,1,0,0,1,0,0,0,38.228919982910156,0,24.029796600341797,1,-1,0,0,0,0,1,0,0,0,0,-1,0,-10.824616432189941,0,33.11337661743164,1,0,0,-1,0,0,1,0,0,1,0,0,0,36.968502044677734,0,57.0297966003418,1,0,0,-1,0,0,1,0,0,1,0,0,0,11.895586967468262,0,57.0297966003418,1,0,0,-1,0,0,1,0,0,1,0,0,0,-21.062746047973633,0,57.0297966003418,1,0,0,1,0,0,1,0,0,-1,0,0,0,-82.64728546142578,0,105.66691589355469,1,0,0,1,0,0,1,0,0,-1,0,0,0,-50.64728546142578,0,105.66691589355469,1,0,0,1,0,0,1,0,0,-1,0,0,0,-27.501453399658203,0,105.66691589355469,1,0,0,-1,0,0,1,0,0,1,0,0,0,-17.562746047973633,0,24.029796600341797,1,0,0,-1,0,0,1,0,0,1,0,0,0,11.728919982910156,0,24.029796600341797,1],"ids":[1439573,1439927,1440081,1440104,1440127,1440458,1440481,1440504,1440596,1440619,1440642,1440665,1440688,1440711,1440734,1440757,1440780,1441018,1441041]}