{"matrices":[1,0,0,0,0,1,0,0,0,0,1,0,0,0,0,1,1,0,0,0,0,1,0,0,0,0,1,0,-16,0,0,1,1,0,0,0,0,1,0,0,0,0,1,0,-32,0,-1.1368683772161603e-13,1,1,0,0,0,0,1,0,0,0,0,1,0,-48,0,-1.1368683772161603e-13,1,1,0,0,0,0,1,0,0,0,0,1,0,-64,0,-1.9895196601282805e-13,1,1,0,0,0,0,1,0,0,0,0,1,0,0,12,0,1,1,0,0,0,0,1,0,0,0,0,1,0,-16,12,0,1,1,0,0,0,0,1,0,0,0,0,1,0,-32,12,-1.1368683772161603e-13,1,1,0,0,0,0,1,0,0,0,0,1,0,-48,12,-1.1368683772161603e-13,1,1,0,0,0,0,1,0,0,0,0,1,0,-64,12,-1.9895196601282805e-13,1,1,0,0,0,0,1,0,0,0,0,1,0,0,24,0,1,1,0,0,0,0,1,0,0,0,0,1,0,-16,24,0,1,1,0,0,0,0,1,0,0,0,0,1,0,-32,24,-1.1368683772161603e-13,1,1,0,0,0,0,1,0,0,0,0,1,0,-48,24,-1.1368683772161603e-13,1,1,0,0,0,0,1,0,0,0,0,1,0,-64,24,-1.9895196601282805e-13,1,1,0,0,0,0,1,0,0,0,0,1,0,0,36,0,1,1,0,0,0,0,1,0,0,0,0,1,0,-16,36,0,1,1,0,0,0,0,1,0,0,0,0,1,0,-32,36,-1.1368683772161603e-13,1,1,0,0,0,0,1,0,0,0,0,1,0,-48,36,-1.1368683772161603e-13,1,1,0,0,0,0,1,0,0,0,0,1,0,-64,36,-1.9895196601282805e-13,1,1,0,0,0,0,1,0,0,0,0,1,0,0,48,0,1,1,0,0,0,0,1,0,0,0,0,1,0,-16,48,0,1,1,0,0,0,0,1,0,0,0,0,1,0,-32,48,-1.1368683772161603e-13,1,1,0,0,0,0,1,0,0,0,0,1,0,-48,48,-1.1368683772161603e-13,1,1,0,0,0,0,1,0,0,0,0,1,0,-64,48,-1.9895196601282805e-13,1],"ids":[1139285,1139382,1139433,1139484,1139535,1162313,1162364,1162415,1162466,1162517,1166450,1166501,1166552,1166603,1166654,1171238,1171289,1171340,1171391,1171442,1176026,1176077,1176128,1176179,1176230]}