{"matrices":[1,0,0,0,0,1,0,0,0,0,1,0,0,0,0,1,1,0,0,0,0,1,0,0,0,0,1,0,10.005208015441895,0,-9.947598300641403e-14,1,1,0,0,0,0,1,0,0,0,0,1,0,0,0,8,1,1,0,0,0,0,1,0,0,0,0,1,0,10.005208015441895,0,8,1,1,0,0,0,0,1,0,0,0,0,1,0,0,0,16,1,1,0,0,0,0,1,0,0,0,0,1,0,10.005208015441895,0,16,1,1,0,0,0,0,1,0,0,0,0,1,0,4,0,-7.932499885559082,1,1,0,0,0,0,1,0,0,0,0,1,0,50.86470031738281,0,-1.9895196601282805e-13,1,1,0,0,0,0,1,0,0,0,0,1,0,60.86470031738281,0,-1.9895196601282805e-13,1,1,0,0,0,0,1,0,0,0,0,1,0,50.86470031738281,0,8,1,1,0,0,0,0,1,0,0,0,0,1,0,60.86470031738281,0,8,1,1,0,0,0,0,1,0,0,0,0,1,0,50.86470031738281,0,16,1,1,0,0,0,0,1,0,0,0,0,1,0,60.86470031738281,0,16,1,1,0,0,0,0,1,0,0,0,0,1,0,54.86470031738281,0,-7.979166507720947,1],"ids":[2177313,2177330,2177347,2177364,2177381,2177398,2177415,2177432,2177449,2177466,2177483,2177500,2177517,2177534]}