{"matrices":[1,0,0,0,0,1,0,0,0,0,1,0,0,0,0,1,1,0,0,0,0,1,0,0,0,0,1,0,14.248668670654297,0,0,1,1,0,0,0,0,1,0,0,0,0,1,0,-1.0231815394945443e-12,0,20.5,1,1,0,0,0,0,1,0,0,0,0,1,0,14.248668670654297,0,20.5,1],"ids":[1808814,1808837,1808860,1808883]}