{"matrices":[1,0,0,0,0,1,0,0,0,0,1,0,0,0,0,1,1,0,0,0,0,1,0,0,0,0,1,0,33.50836181640625,0,68.27241516113281,1],"ids":[1440951,1440972]}