{"matrices":[1,0,0,0,0,1,0,0,0,0,1,0,0,0,0,1,-1,0,0,0,0,-1,0,0,0,0,1,0,-89.21015167236328,66.38713836669922,0,1,1,0,0,0,0,1,0,0,0,0,1,0,50.86470031738281,0,1.7905676941154525e-12,1,-1,0,0,0,0,-1,0,0,0,0,1,0,-38.3454475402832,66.38713836669922,1.7905676941154525e-12,1],"ids":[1696191,1696580,1703843,1703856]}