{"matrices":[1,0,0,0,0,1,0,0,0,0,1,0,0,0,0,1,1,0,0,0,0,1,0,0,0,0,1,0,9.715277671813965,0,9.947598300641403e-14,1,1,0,0,0,0,1,0,0,0,0,1,0,0,7.9453125,0,1,1,0,0,0,0,1,0,0,0,0,1,0,9.715277671813965,7.9453125,9.947598300641403e-14,1,1,0,0,0,0,1,0,0,0,0,1,0,32,0,9.947598300641403e-14,1,1,0,0,0,0,1,0,0,0,0,1,0,41.71527862548828,0,1.9895196601282805e-13,1],"ids":[1148345,1148398,1148555,1148589,1151242,1151276]}