{"matrices":[1,0,0,0,0,1,0,0,0,0,1,0,0,0,0,1,1,0,0,0,0,1,0,0,0,0,1,0,16,0,5.684341886080802e-14,1,1,0,0,0,0,1,0,0,0,0,1,0,32,0,1.1368683772161603e-13,1,1,0,0,0,0,1,0,0,0,0,1,0,48,0,1.5631940186722204e-13,1,1,0,0,0,0,1,0,0,0,0,1,0,64,0,2.1316282072803006e-13,1,1,0,0,0,0,1,0,0,0,0,1,0,80,0,2.7000623958883807e-13,1,1,0,0,0,0,1,0,0,0,0,1,0,0,12,0,1,1,0,0,0,0,1,0,0,0,0,1,0,16,12,5.684341886080802e-14,1,1,0,0,0,0,1,0,0,0,0,1,0,32,12,1.1368683772161603e-13,1,1,0,0,0,0,1,0,0,0,0,1,0,48,12,1.5631940186722204e-13,1,1,0,0,0,0,1,0,0,0,0,1,0,64,12,2.1316282072803006e-13,1,1,0,0,0,0,1,0,0,0,0,1,0,80,12,2.7000623958883807e-13,1,1,0,0,0,0,1,0,0,0,0,1,0,0,24,0,1,1,0,0,0,0,1,0,0,0,0,1,0,16,24,5.684341886080802e-14,1,1,0,0,0,0,1,0,0,0,0,1,0,32,24,1.1368683772161603e-13,1,1,0,0,0,0,1,0,0,0,0,1,0,48,24,1.5631940186722204e-13,1,1,0,0,0,0,1,0,0,0,0,1,0,64,24,2.1316282072803006e-13,1,1,0,0,0,0,1,0,0,0,0,1,0,80,24,2.7000623958883807e-13,1,1,0,0,0,0,1,0,0,0,0,1,0,0,36,0,1,1,0,0,0,0,1,0,0,0,0,1,0,16,36,5.684341886080802e-14,1,1,0,0,0,0,1,0,0,0,0,1,0,32,36,1.1368683772161603e-13,1,1,0,0,0,0,1,0,0,0,0,1,0,48,36,1.5631940186722204e-13,1,1,0,0,0,0,1,0,0,0,0,1,0,64,36,2.1316282072803006e-13,1,1,0,0,0,0,1,0,0,0,0,1,0,80,36,2.7000623958883807e-13,1],"ids":[1162078,1162115,1162149,1162183,1162217,1162251,1180677,1180711,1180745,1180779,1180813,1180847,1180881,1180915,1180949,1180983,1181017,1181051,1181085,1181119,1181153,1181187,1181221,1181255]}