{"matrices":[1,0,0,0,0,1,0,0,0,0,1,0,0,0,0,1,-1,0,0,0,0,1,0,0,0,0,-1,0,-44.980865478515625,0,-95.48775482177734,1,-1,0,0,0,0,1,0,0,0,0,-1,0,-17.647533416748047,0,-62.46171188354492,1,1,0,0,0,0,1,0,0,0,0,1,0,15.5,0,0.1948784738779068,1,0,0,-1,0,0,1,0,0,1,0,0,0,128.25192260742188,0,-1.8556196689605713,1],"ids":[1611786,1611872,1639642,1640640,1672361]}