{"matrices":[1,0,0,0,0,1,0,0,0,0,1,0,0,0,0,1,1,0,0,0,0,1,0,0,0,0,1,0,140.0204315185547,12,-0.5281918048858643,1,1,0,0,0,0,1,0,0,0,0,1,0,140.0204315185547,24,-0.5281918048858643,1,1,0,0,0,0,1,0,0,0,0,1,0,140.0204315185547,36,-0.5281918048858643,1,1,0,0,0,0,1,0,0,0,0,1,0,140.0204315185547,48,-0.5281918048858643,1],"ids":[2216179,2216192,2216205,2216218,2216231]}