{"matrices":[1,0,0,0,0,1,0,0,0,0,1,0,0,0,0,1,-1,0,0,0,0,1,0,0,0,0,-1,0,109.65454864501953,14.75,26.73837661743164,1,-1,0,0,0,0,1,0,0,0,0,-1,0,109.65454864501953,14.75,37.40504455566406,1,1,0,0,0,0,1,0,0,0,0,1,0,19.33333396911621,14.75,4,1,1,0,0,0,0,1,0,0,0,0,1,0,0,14.75,3.880324602127075,1],"ids":[1440435,1717885,1718201,1718224,1718312]}