{"matrices":[1,0,0,0,0,1,0,0,0,0,1,0,0,0,0,1,0,0,1,0,0,-1,0,0,1,0,0,0,12.270586967468262,33.72047424316406,-4.093503475189209,1,-1,0,0,0,0,1,0,0,0,0,-1,0,-93.24127960205078,0,-96.30329132080078,1,0,-1,0,0,-1,0,0,0,0,0,-1,0,-10.669964790344238,-34.760406494140625,-109.6053695678711,1],"ids":[1514065,1514730,1515223,1532760]}