{"matrices":[1,0,0,0,0,1,0,0,0,0,1,0,0,0,0,1,1,0,0,0,0,1,0,0,0,0,1,0,-14,0,34,1,-1,0,0,0,0,1,0,0,0,0,-1,0,-24.012115478515625,0,33.73837661743164,1,1,0,0,0,0,1,0,0,0,0,1,0,18.5,0,34,1,1,0,0,0,0,1,0,0,0,0,1,0,0,12,-4.440892098500626e-16,1,1,0,0,0,0,1,0,0,0,0,1,0,-14,12,34,1,-1,0,0,0,0,1,0,0,0,0,-1,0,-24.012115478515625,12,33.73837661743164,1,1,0,0,0,0,1,0,0,0,0,1,0,18.5,12,34,1],"ids":[1161481,1161726,1161753,1161780,1210317,1210344,1210371,1210398]}