{"matrices":[1,0,0,0,0,1,0,0,0,0,1,0,0,0,0,1,1,0,0,0,0,1,0,0,0,0,1,0,5.815340995788574,0,1.4210854715202004e-14,1,1,0,0,0,0,1,0,0,0,0,1,0,11.630681991577148,0,4.263256414560601e-14,1,1,0,0,0,0,1,0,0,0,0,1,0,17.446022033691406,0,5.684341886080802e-14,1,1,0,0,0,0,1,0,0,0,0,1,0,23.261363983154297,0,8.526512829121202e-14,1,1,0,0,0,0,1,0,0,0,0,1,0,29.076704025268555,0,9.947598300641403e-14,1,1,0,0,0,0,1,0,0,0,0,1,0,34.89204406738281,0,1.2789769243681803e-13,1,1,0,0,0,0,1,0,0,0,0,1,0,40.7073860168457,0,1.2789769243681803e-13,1,1,0,0,0,0,1,0,0,0,0,1,0,46.522727966308594,0,1.5631940186722204e-13,1,1,0,0,0,0,1,0,0,0,0,1,0,0,8.484375,0,1,1,0,0,0,0,1,0,0,0,0,1,0,5.815340995788574,8.484375,1.4210854715202004e-14,1,1,0,0,0,0,1,0,0,0,0,1,0,11.630681991577148,8.484375,4.263256414560601e-14,1,1,0,0,0,0,1,0,0,0,0,1,0,17.446022033691406,8.484375,5.684341886080802e-14,1,1,0,0,0,0,1,0,0,0,0,1,0,23.261363983154297,8.484375,8.526512829121202e-14,1,1,0,0,0,0,1,0,0,0,0,1,0,29.076704025268555,8.484375,9.947598300641403e-14,1,1,0,0,0,0,1,0,0,0,0,1,0,34.89204406738281,8.484375,1.2789769243681803e-13,1,1,0,0,0,0,1,0,0,0,0,1,0,40.7073860168457,8.484375,1.2789769243681803e-13,1,1,0,0,0,0,1,0,0,0,0,1,0,46.522727966308594,8.484375,1.5631940186722204e-13,1],"ids":[1183769,1183786,1183803,1183820,1183837,1183854,1183871,1183888,1183905,1184406,1184423,1184440,1184457,1184474,1184491,1184508,1184525,1184542]}