{"matrices":[1,0,0,0,0,1,0,0,0,0,1,0,0,0,0,1,-1,0,0,0,0,1,0,0,0,0,-1,0,-89.78925323486328,0,-113.7616195678711,1],"ids":[1530762,1531725]}