{"matrices":[1,0,0,0,0,1,0,0,0,0,1,0,0,0,0,1,1,0,0,0,0,1,0,0,0,0,1,0,20.10416603088379,0,-3.126388037344441e-13,1,1,0,0,0,0,1,0,0,0,0,1,0,4.083333492279053,0,-10.739583015441895,1,1,0,0,0,0,1,0,0,0,0,1,0,20.10416603088379,0,-10.739583015441895,1,1,0,0,0,0,1,0,0,0,0,1,0,4.083333492279053,0,-21.47916603088379,1,1,0,0,0,0,1,0,0,0,0,1,0,20.10416603088379,0,-21.47916603088379,1],"ids":[1512775,1512792,1512809,1512826,1512843,1512860]}