{"matrices":[1,0,0,0,0,1,0,0,0,0,1,0,0,0,0,1,1,0,0,0,0,1,-3.698430450782553e-15,0,0,3.698430450782553e-15,1,0,0,0.1030815988779068,4.947916507720947,1,1,0,0,0,0,1,2.4980018054066022e-15,0,0,-2.4980018054066022e-15,1,0,0,0.1634114533662796,7.84375,1,1,0,0,0,0,1,0,0,0,0,1,0,0,-0.013888888992369175,-0.6666666865348816,1,1,0,0,0,0,1,9.71445146547012e-17,0,0,-9.71445146547012e-17,1,0,0,-0.030478060245513916,-1.462946891784668,1,1,0,0,0,0,1,1.3319206848549925e-14,0,0,-1.3319206848549925e-14,1,0,0,-0.043619949370622635,-2.0937576293945312,1],"ids":[1642899,1643071,1643681,1643941,1645760,1647719]}