{"matrices":[1,0,0,0,0,1,0,0,0,0,1,0,0,0,0,1,1,0,0,0,0,1,0,0,0,0,1,0,50.86470031738281,0,1.9895196601282805e-13,1],"ids":[1688059,1696678]}