{"matrices":[1,0,0,0,0,1,0,0,0,0,1,0,0,0,0,1,-1,0,0,0,0,1,0,0,0,0,-1,0,-32.363529205322266,0,61.866302490234375,1,1,0,0,0,0,-1,0,0,0,0,-1,0,-6.851413726806641,36.88713836669922,61.866302490234375,1],"ids":[1460368,1493721,1494108]}