{"matrices":[1,0,0,0,0,1,0,0,0,0,1,0,0,0,0,1,0,0,1,0,0,1,0,0,-1,0,0,0,-49.84431457519531,1.7083333730697632,68.5665512084961,1],"ids":[1710140,1713321]}