{"matrices":[1,0,0,0,0,1,0,0,0,0,1,0,0,0,0,1,0,0,-1,0,0,1,0,0,1,0,0,0,-123.56065368652344,0,5.437524795532227,1],"ids":[1671288,1671301]}