{"matrices":[1,0,0,0,0,1,0,0,0,0,1,0,0,0,0,1,1,0,0,0,0,1,0,0,0,0,1,0,-13.659810066223145,0,-21.5,1,-1,0,0,0,0,1,0,0,0,0,-1,0,6.744135856628418,0,53.81129455566406,1,1,0,0,0,0,1,0,0,0,0,1,0,24.54765510559082,0,0.75,1,-1,0,0,0,0,1,0,0,0,0,-1,0,-9.472039222717285,0,87.21754455566406,1,-1,0,0,0,0,1,0,0,0,0,-1,0,6.744135856628418,0,111.9233627319336,1,-1,0,0,0,0,1,0,0,0,0,-1,0,-60.33673858642578,0,86.46754455566406,1,1,0,0,0,0,1,0,0,0,0,1,0,-45.08958435058594,0,35.61206817626953,1],"ids":[1719083,1719106,1719129,1719152,1719175,1719198,1719221,1719244]}