{"matrices":[1,0,0,0,0,1,0,0,0,0,1,0,0,0,0,1,1,0,0,0,0,1,0,0,0,0,1,0,0,14.75,-0.0416666679084301,1,1,0,0,0,0,1,0,0,0,0,1,0,0,26.75,-0.0416666679084301,1],"ids":[1267869,1269594,1271159]}