{"matrices":[1,0,0,0,0,1,0,0,0,0,1,0,0,0,0,1,1,0,0,0,0,1,0,0,0,0,1,0,0,0,2.75,1,1,0,0,0,0,1,0,0,0,0,1,0,0,0,5.5,1,1,0,0,0,0,1,0,0,0,0,1,0,190.5,53.5,52.44791793823242,1,1,0,0,0,0,1,0,0,0,0,1,0,190.5,41.5,52.44791793823242,1,1,0,0,0,0,1,0,0,0,0,1,0,190.5,65.5,52.44791793823242,1,1,0,0,0,0,1,0,0,0,0,1,0,190.5,77.5,52.44791793823242,1],"ids":[972726,972758,972786,1182585,1205258,1207049,1208840]}