{"matrices":[1,0,0,0,0,1,0,0,0,0,1,0,0,0,0,1,-1,0,0,0,0,1,0,0,0,0,-1,0,-42.029212951660156,0,23.969160079956055,1],"ids":[1403353,1416683]}