{"matrices":[1,0,0,0,0,1,0,0,0,0,1,0,0,0,0,1,1,0,0,0,0,1,0,0,0,0,1,0,8.933333396911621,0,1.9895196601282805e-13,1,1,0,0,0,0,1,0,0,0,0,1,0,17.866666793823242,0,5.115907697472721e-13,1,1,0,0,0,0,1,0,0,0,0,1,0,26.799999237060547,0,8.242295734817162e-13,1,1,0,0,0,0,1,0,0,0,0,1,0,35.733333587646484,0,9.947598300641403e-13,1,-1,0,0,0,0,1,0,0,0,0,-1,0,156.98788452148438,0,-61.26162338256836,1,-1,0,0,0,0,1,0,0,0,0,-1,0,148.05455017089844,0,-61.26162338256836,1,-1,0,0,0,0,1,0,0,0,0,-1,0,139.1212158203125,0,-61.26162338256836,1,-1,0,0,0,0,1,0,0,0,0,-1,0,130.18788146972656,0,-61.26162338256836,1,-1,0,0,0,0,1,0,0,0,0,-1,0,121.25454711914062,0,-61.26162338256836,1],"ids":[30794,30864,30915,30966,31017,32867,32918,32969,33020,33071]}