{"matrices":[1,0,0,0,0,1,0,0,0,0,1,0,0,0,0,1,1,0,0,0,0,1,0,0,0,0,1,0,3.2798612117767334,0,8.526512829121202e-14,1,1,0,0,0,0,1,0,0,0,0,1,0,8.933333396911621,0,1.9895196601282805e-13,1,1,0,0,0,0,1,0,0,0,0,1,0,12.213194847106934,0,3.126388037344441e-13,1,1,0,0,0,0,1,0,0,0,0,1,0,17.866666793823242,0,4.831690603168681e-13,1,1,0,0,0,0,1,0,0,0,0,1,0,21.146528244018555,0,5.968558980384842e-13,1,1,0,0,0,0,1,0,0,0,0,1,0,26.799999237060547,0,7.958078640513122e-13,1,1,0,0,0,0,1,0,0,0,0,1,0,30.07986068725586,0,8.810729923425242e-13,1,-1,0,0,0,0,1,0,0,0,0,-1,0,156.98788452148438,0,-61.26162338256836,1,-1,0,0,0,0,1,0,0,0,0,-1,0,153.70802307128906,0,-61.26162338256836,1,-1,0,0,0,0,1,0,0,0,0,-1,0,148.05455017089844,0,-61.26162338256836,1,-1,0,0,0,0,1,0,0,0,0,-1,0,144.77468872070312,0,-61.26162338256836,1,-1,0,0,0,0,1,0,0,0,0,-1,0,139.1212158203125,0,-61.26162338256836,1,-1,0,0,0,0,1,0,0,0,0,-1,0,135.8413543701172,0,-61.26162338256836,1,-1,0,0,0,0,1,0,0,0,0,-1,0,130.18788146972656,0,-61.26162338256836,1,-1,0,0,0,0,1,0,0,0,0,-1,0,126.90802001953125,0,-61.26162338256836,1],"ids":[30830,30847,30881,30898,30932,30949,30983,31000,32884,32901,32935,32952,32986,33003,33037,33054]}