{"matrices":[1,0,0,0,0,1,0,0,0,0,1,0,0,0,0,1,-1,0,0,0,0,1,0,0,0,0,-1,0,-19.489168167114258,0,46.96754455566406,1,1,0,0,0,0,1,0,0,0,0,1,0,14.906465530395508,0,5.684341886080802e-14,1,-1,0,0,0,0,1,0,0,0,0,-1,0,-4.645598888397217,0,46.96754455566406,1,-1,0,0,0,0,1,0,0,0,0,-1,0,-53.8974723815918,14.75,66.29566955566406,1,-1,0,0,0,0,1,0,0,0,0,-1,0,-3.0327706336975098,14.75,66.29566955566406,1,-1,0,0,0,0,1,0,0,0,0,-1,0,-2.230745553970337,14.75,-40.57933044433594,1],"ids":[1416493,1416552,1416611,1416647,1687245,1696642,1747626]}