{"matrices":[1,0,0,0,0,1,0,0,0,0,1,0,0,0,0,1,1,0,0,0,0,1,0,0,0,0,1,0,14.947916984558105,0,0,1,1,0,0,0,0,1,0,0,0,0,1,0,33.05208206176758,0,-7.390625,1,1,0,0,0,0,1,0,0,0,0,1,0,62.94791793823242,0,-6.390625,1,1,0,0,0,0,1,0,0,0,0,1,0,77.52083587646484,0,-4.390625,1,0,0,1,0,0,1,0,0,-1,0,0,0,-31.980619430541992,-26.75,-116.24628448486328,1,0,0,1,0,0,1,0,0,-1,0,0,0,-31.980619430541992,-26.75,-98.29141998291016,1,0,0,-1,0,0,1,0,0,1,0,0,0,-50.500247955322266,-26.75,20.786741256713867,1,0,0,1,0,0,1,0,0,-1,0,0,0,5.379247665405273,-26.75,-125.2890396118164,1],"ids":[1240117,1240130,1240143,1240156,1240169,1613032,1613050,1639629,1654774]}