{"matrices":[1,0,0,0,0,1,0,0,0,0,1,0,0,0,0,1,1,0,0,0,0,1,0,0,0,0,1,0,15.861979484558105,0,0.026866791769862175,1,1,0,0,0,0,1,0,0,0,0,1,0,31.86197853088379,0,0.026866791769862175,1,1,0,0,0,0,1,0,0,0,0,1,0,-91.3066177368164,0,4.534679412841797,1,1,0,0,0,0,1,0,0,0,0,1,0,-77.3066177368164,0,4.534679412841797,1,1,0,0,0,0,1,0,0,0,0,1,0,-77.3066177368164,0,22.534679412841797,1,1,0,0,0,0,1,0,0,0,0,1,0,-91.3066177368164,0,22.534679412841797,1,1,0,0,0,0,1,0,0,0,0,1,0,-67.3066177368164,0,4.534679412841797,1,1,0,0,0,0,1,0,0,0,0,1,0,-55.306617736816406,0,4.534679412841797,1,1,0,0,0,0,1,0,0,0,0,1,0,-67.3066177368164,0,22.534679412841797,1,1,0,0,0,0,1,0,0,0,0,1,0,-55.306617736816406,0,22.534679412841797,1,1,0,0,0,0,1,0,0,0,0,1,0,-121.2370376586914,0,47.29383850097656,1,1,0,0,0,0,1,0,0,0,0,1,0,-107.2370376586914,0,47.29383850097656,1,1,0,0,0,0,1,0,0,0,0,1,0,-107.2370376586914,0,65.29383850097656,1,1,0,0,0,0,1,0,0,0,0,1,0,-121.2370376586914,0,65.29383850097656,1,1,0,0,0,0,1,0,0,0,0,1,0,-70.3723373413086,0,47.29383850097656,1,1,0,0,0,0,1,0,0,0,0,1,0,-56.372337341308594,0,47.29383850097656,1,1,0,0,0,0,1,0,0,0,0,1,0,-56.372337341308594,0,65.29383850097656,1,1,0,0,0,0,1,0,0,0,0,1,0,-70.3723373413086,0,65.29383850097656,1,1,0,0,0,0,1,0,0,0,0,1,0,-103.52826690673828,0,5.5349273681640625,1,1,0,0,0,0,1,0,0,0,0,1,0,-96.48662567138672,0,-15.250615119934082,1,1,0,0,0,0,1,0,0,0,0,1,0,36.68345260620117,-8,14.748221397399902,1,1,0,0,0,0,1,0,0,0,0,1,0,51.2855339050293,-8,1.225866436958313,1,1,0,0,0,0,1,0,0,0,0,1,0,-34.98994445800781,0,12.826346397399902,1,1,0,0,0,0,1,0,0,0,0,1,0,-117.5234375,0,-15.100112915039062,1,1,0,0,0,0,1,0,0,0,0,1,0,-117.5339126586914,-8,26.331554412841797,1,1,0,0,0,0,1,0,0,0,0,1,0,-8.700628280639648,-8,10.402935981750488,1,1,0,0,0,0,1,0,0,0,0,1,0,-67.07745361328125,-8,-21.70503044128418,1,1,0,0,0,0,1,0,0,0,0,1,0,-115.0390625,-8,-73.47573852539062,1,1,0,0,0,0,1,0,0,0,0,1,0,-112.3932876586914,-8,7.59140157699585,1,1,0,0,0,0,1,0,0,0,0,1,0,-88.72135162353516,-8,-26.725736618041992,1,1,0,0,0,0,1,0,0,0,0,1,0,-72.53168487548828,-8,-27.381229400634766,1,1,0,0,0,0,1,0,0,0,0,1,0,-50.85928726196289,-8,-16.948562622070312,1,1,0,0,0,0,1,0,0,0,0,1,0,-53.914669036865234,-8,-24.980945587158203,1,1,0,0,0,0,1,0,0,0,0,1,0,48.952816009521484,-8,-4.9178853034973145,1],"ids":[1661757,1661781,1661805,1680463,1680486,1680509,1680532,1680555,1680578,1680601,1680624,1680647,1680670,1680693,1680716,1681465,1681488,1681511,1681534,1683687,1735014,1798609,1798632,1801589,1805766,1808306,2176189,2176212,2176235,2176259,2176282,2176305,2176329,2176352,2176375]}