{"matrices":[1,0,0,0,0,1,0,0,0,0,1,0,0,0,0,1,-1,0,0,0,0,1,0,0,0,0,-1,0,168.39991760253906,0,29.12900161743164,1,0,0,-1,0,0,1,0,0,1,0,0,0,-44.95597457885742,0,81.26840209960938,1,0,0,-1,0,0,1,0,0,1,0,0,0,-40.39967346191406,0,62.6391716003418,1,-1,0,0,0,0,-1,0,0,0,0,1,0,55.007728576660156,66.38713836669922,-58.7109375,1,0,0,-1,0,0,-1,0,0,-1,0,0,0,-11.270671844482422,66.38713836669922,55.82146453857422,1,0,0,1,0,0,-1,0,0,1,0,0,0,66.27839660644531,66.38713836669922,-62.48488998413086,1,-1,0,0,0,0,-1,0,0,0,0,1,0,187.15830993652344,66.38713836669922,3.793510675430298,1,0,0,1,0,0,1,0,0,-1,0,0,0,45.039852142333984,0,-68.5577621459961,1,0,0,-1,0,0,1,0,0,1,0,0,0,15.91085147857666,0,96.44125366210938,1,-1,0,0,0,0,-1,0,0,0,0,1,0,50.4514274597168,66.38713836669922,-16.055665969848633,1,0,0,1,0,0,1,0,0,-1,0,0,0,-15.826973915100098,0,-62.463863372802734,1],"ids":[1734523,1734536,1740620,1787754,1787767,1788368,1801451,1801500,1805600,1805613,1806180,1808348]}