{"matrices":[1,0,0,0,0,1,0,0,0,0,1,0,0,0,0,1,1,0,0,0,0,1,0,0,0,0,1,0,0,3,0,1,-1,0,0,0,0,1,0,0,0,0,-1,0,336.9878845214844,0,33.05087661743164,1,-1,0,0,0,0,1,0,0,0,0,-1,0,336.9878845214844,3,33.05087661743164,1],"ids":[1152736,1152787,1158568,1158619]}