{"matrices":[1,0,0,0,0,1,0,0,0,0,1,0,0,0,0,1,1,0,0,0,0,1,0,0,0,0,1,0,3.552713678800501e-15,0,5.5559983253479,1,1,0,0,0,0,1,0,0,0,0,1,0,3.552713678800501e-15,0,11.1119966506958,1,1,0,0,0,0,1,0,0,0,0,1,0,3.552713678800501e-15,0,16.66799545288086,1,1,0,0,0,0,1,0,0,0,0,1,0,3.552713678800501e-15,0,22.2239933013916,1,1,0,0,0,0,1,0,0,0,0,1,0,3.552713678800501e-15,0,27.779991149902344,1,1,0,0,0,0,1,0,0,0,0,1,0,3.552713678800501e-15,0,33.33599090576172,1,1,0,0,0,0,1,0,0,0,0,1,0,3.552713678800501e-15,0,38.89198684692383,1,1,0,0,0,0,1,0,0,0,0,1,0,3.552713678800501e-15,0,44.4479866027832,1,1,0,0,0,0,1,0,0,0,0,1,0,3.552713678800501e-15,0,50.00398635864258,1],"ids":[1023636,1023655,1023674,1023693,1023712,1023731,1023750,1023769,1023788,1023807]}