{"matrices":[1,0,0,0,0,1,0,0,0,0,1,0,0,0,0,1,-1,0,0,0,0,1,0,0,0,0,-1,0,13.404550552368164,0,-92.9959716796875,1],"ids":[1795920,1795933]}