{"matrices":[1,0,0,0,0,1,0,0,0,0,1,0,0,0,0,1,0,0,1,0,0,1,0,0,-1,0,0,0,-7.7221808433532715,0,-19.249753952026367,1],"ids":[1460799,1712930]}