{"matrices":[1,0,0,0,0,1,0,0,0,0,1,0,0,0,0,1,-1,0,0,0,0,1,0,0,0,0,-1,0,15.467887878417969,0,-88.00507354736328,1],"ids":[1511350,1511434]}