{"matrices":[1,0,0,0,0,1,0,0,0,0,1,0,0,0,0,1,1,0,0,0,0,1,0,0,0,0,1,0,16.25,0,0,1,1,0,0,0,0,1,0,0,0,0,1,0,16.25,0,32.66666793823242,1,1,0,0,0,0,1,0,0,0,0,1,0,0,0,32.66666793823242,1],"ids":[1190327,1190357,1190387,1190417]}