{"matrices":[1,0,0,0,0,1,0,0,0,0,1,0,0,0,0,1,0,0,-1,0,0,1,0,0,1,0,0,0,52.30183792114258,0,-12.611145973205566,1,-1,0,0,0,0,1,0,0,0,0,-1,0,8.179864883422852,0,5.863376617431641,1,-1,0,0,0,0,1,0,0,0,0,-1,0,26.84653091430664,0,5.863376617431641,1,1,0,0,0,0,1,0,0,0,0,1,0,-19.619064331054688,0,123.83333587646484,1,1,0,0,0,0,1,0,0,0,0,1,0,-62.264896392822266,0,123.83333587646484,1,1,0,0,0,0,1,0,0,0,0,1,0,-30.264896392822266,0,123.83333587646484,1,-1,0,0,0,0,1,0,0,0,0,-1,0,-24.32013511657715,0,5.863376617431641,1,0,0,-1,0,0,1,0,0,1,0,0,0,18.166419982910156,0,14.117610931396484,1],"ids":[1441510,1441535,1441697,1441720,1441743,1441766,1441789,1441812,1442012]}