{"matrices":[1,0,0,0,0,1,0,0,0,0,1,0,0,0,0,1,1,0,0,0,0,1,-3.7001651742585295e-15,0,0,3.7001651742585295e-15,1,0,0,0.02866319753229618,2.75,1],"ids":[1600084,1600176]}