{"matrices":[1,0,0,0,0,1,0,0,0,0,1,0,0,0,0,1,1,0,0,0,0,1,0,0,0,0,1,0,9.715277671813965,0,9.947598300641403e-14,1,1,0,0,0,0,1,0,0,0,0,1,0,0,2.6692707538604736,0,1,1,0,0,0,0,1,0,0,0,0,1,0,9.715277671813965,2.6692707538604736,9.947598300641403e-14,1,1,0,0,0,0,1,0,0,0,0,1,0,32,0,9.947598300641403e-14,1,1,0,0,0,0,1,0,0,0,0,1,0,41.71527862548828,0,1.9895196601282805e-13,1,1,0,0,0,0,1,0,0,0,0,1,0,32,2.6692707538604736,9.947598300641403e-14,1,1,0,0,0,0,1,0,0,0,0,1,0,41.71527862548828,2.6692707538604736,1.9895196601282805e-13,1],"ids":[1148434,1148487,1148504,1148538,1151293,1151327,1151344,1151378]}