{"matrices":[1,0,0,0,0,1,0,0,0,0,1,0,0,0,0,1,1,0,0,0,0,1,0,0,0,0,1,0,0,0,6.133333206176758,1,1,0,0,0,0,1,0,0,0,0,1,0,0,0,12.266666412353516,1,1,0,0,0,0,1,0,0,0,0,1,0,0,3,0,1,1,0,0,0,0,1,0,0,0,0,1,0,0,3,6.133333206176758,1,1,0,0,0,0,1,0,0,0,0,1,0,0,3,12.266666412353516,1],"ids":[1154846,1154863,1154880,1154931,1154948,1154965]}