{"matrices":[1,0,0,0,0,1,0,0,0,0,1,0,0,0,0,1,1,0,0,0,0,1,0,0,0,0,1,0,16.33333396911621,0,8.526512829121202e-14,1,1,0,0,0,0,1,0,0,0,0,1,0,32.33333206176758,0,8.526512829121202e-14,1],"ids":[1718016,1718039,1718062]}