{"matrices":[1,0,0,0,0,1,0,0,0,0,1,0,0,0,0,1,0,0,-1,0,1,0,0,0,0,-1,0,0,-45.2982292175293,5.789320468902588,7.562210559844971,1,-1,0,0,0,0,-1,0,0,0,0,1,0,3.198868751525879,51.63713836669922,31.20139503479004,1,-1,0,0,0,0,-1,0,0,0,0,1,0,25.198869705200195,51.63713836669922,30.70139503479004,1,0,0,-1,0,1,0,0,0,0,-1,0,0,-53.384525299072266,5.789320468902588,-31.704578399658203,1,0,0,-1,0,1,0,0,0,0,-1,0,0,-53.384525299072266,5.789320468902588,-21.704578399658203,1,0,0,-1,0,1,0,0,0,0,-1,0,0,-28.634523391723633,5.789320468902588,-31.704578399658203,1,0,0,-1,0,1,0,0,0,0,-1,0,0,-28.634523391723633,5.789320468902588,-21.704578399658203,1,0,0,-1,0,1,0,0,0,0,-1,0,0,-53.157962799072266,5.789320468902588,-12.579578399658203,1,0,0,-1,0,1,0,0,0,0,-1,0,0,-53.157962799072266,5.789320468902588,-2.579577922821045,1,0,0,-1,0,1,0,0,0,0,-1,0,0,-36.84025192260742,6.653903961181641,-16.579578399658203,1,0,0,-1,0,1,0,0,0,0,-1,0,0,-31.710044860839844,6.653903961181641,-16.579578399658203,1,0,0,-1,0,1,0,0,0,0,-1,0,0,16.198450088500977,5.789320468902588,15.428160667419434,1,0,0,-1,0,1,0,0,0,0,-1,0,0,16.198450088500977,5.789320468902588,28.04021453857422,1,0,0,-1,0,1,0,0,0,0,-1,0,0,16.198450088500977,5.789320468902588,35.6391716003418,1,0,0,-1,0,1,0,0,0,0,-1,0,0,51.188392639160156,5.789320468902588,22.81282615661621,1,0,0,-1,0,1,0,0,0,0,-1,0,0,67.05036926269531,5.789320468902588,22.839693069458008,1,0,0,-1,0,1,0,0,0,0,-1,0,0,83.05036926269531,5.789320468902588,22.839693069458008,1,0,0,-1,0,1,0,0,0,0,-1,0,0,87.8718490600586,-2.210679531097412,37.5610466003418,1,0,0,-1,0,1,0,0,0,0,-1,0,0,102.47392272949219,-2.210679531097412,24.038692474365234,1,0,0,-1,0,1,0,0,0,0,-1,0,0,-66.33504486083984,5.789320468902588,7.712713241577148,1,0,0,-1,0,1,0,0,0,0,-1,0,0,-66.34552001953125,6.653903961181641,49.144378662109375,1],"ids":[1437410,1768773,1776292,1776305,1789011,1789028,1789045,1789062,1789079,1789096,1796790,1796875,1805630,1805647,1805664,1805681,1805698,1805715,1805732,1805749,1808289,1808473]}