{"matrices":[1,0,0,0,0,1,0,0,0,0,1,0,0,0,0,1,1,0,0,0,0,1,0,0,0,0,1,0,16,0,8.526512829121202e-14,1,1,0,0,0,0,1,0,0,0,0,1,0,32,0,1.9895196601282805e-13,1,1,0,0,0,0,1,0,0,0,0,1,0,48,0,2.984279490192421e-13,1,1,0,0,0,0,1,0,0,0,0,1,0,64,0,3.979039320256561e-13,1],"ids":[1124962,1124994,1125024,1125054,1125084]}