{"matrices":[1,0,0,0,0,1,0,0,0,0,1,0,0,0,0,1,-1,0,0,0,0,0,1,0,0,1,0,0,56.39812088012695,97.25667572021484,-2.4910478591918945,1],"ids":[1747047,1808486]}