{"matrices":[1,0,0,0,0,1,0,0,0,0,1,0,0,0,0,1,-1,0,0,0,0,1,0,0,0,0,-1,0,239.98788452148438,0,16.788002014160156,1],"ids":[1245919,1245939]}