{"matrices":[1,0,0,0,0,1,0,0,0,0,1,0,0,0,0,1,-1,0,0,0,0,1,0,0,0,0,-1,0,-22.928783416748047,0.00390625,-85.65745544433594,1,-1,0,0,0,0,1,0,0,0,0,-1,0,-22.928783416748047,0.00390625,-88.40745544433594,1,-1,0,0,0,0,-1,0,0,0,0,1,0,-22.928783416748047,19.93271255493164,-7.500000476837158,1,1,0,0,0,0,-1,0,0,0,0,-1,0,0,19.92880630493164,-92.3241195678711,1,1,0,0,0,0,-1,0,0,0,0,-1,0,0,19.92880630493164,-88.40745544433594,1,1,0,0,0,0,-1,0,0,0,0,-1,0,0,23.82463836669922,-82.64701080322266,1,0,0,-1,0,0,-1,0,0,-1,0,0,0,-54.7514533996582,27.82463836669922,-51.3764533996582,1,0,0,1,0,0,1,0,0,-1,0,0,0,-59.47793960571289,7.895833492279053,-55.447669982910156,1],"ids":[1594599,1594693,1594750,1594807,1594864,1594921,1602177,1602537,1609874]}