{"matrices":[1,0,0,0,0,1,0,0,0,0,1,0,0,0,0,1,1,0,0,0,0,1,0,0,0,0,1,0,5.684341886080802e-14,-24,-0.03125,1,1,0,0,0,0,1,0,0,0,0,1,0,5.684341886080802e-14,-12,-0.03125,1,1,0,0,0,0,1,0,0,0,0,1,0,5.684341886080802e-14,12,0,1,1,0,0,0,0,1,0,0,0,0,1,0,5.684341886080802e-14,24,0,1],"ids":[1181599,1195658,1204381,1206172,1207963]}