{"matrices":[1,0,0,0,0,1,0,0,0,0,1,0,0,0,0,1,1,0,0,0,0,1,0,0,0,0,1,0,0,0,-5.814815044403076,1,1,0,0,0,0,1,0,0,0,0,1,0,0,0,-11.629630088806152,1,1,0,0,0,0,1,0,0,0,0,1,0,0,0,-17.44444465637207,1,1,0,0,0,0,1,0,0,0,0,1,0,0,0,-23.259260177612305,1,1,0,0,0,0,1,0,0,0,0,1,0,0,0,-29.074073791503906,1,1,0,0,0,0,1,0,0,0,0,1,0,0,0,-34.88888931274414,1,1,0,0,0,0,1,0,0,0,0,1,0,0,0,-40.703704833984375,1,1,0,0,0,0,1,0,0,0,0,1,0,0,0,-46.51852035522461,1,1,0,0,0,0,1,0,0,0,0,1,0,0,0,-52.33333206176758,1,1,0,0,0,0,1,0,0,0,0,1,0,0,0,-58.14814758300781,1,1,0,0,0,0,1,0,0,0,0,1,0,0,0,-63.96296310424805,1,1,0,0,0,0,1,0,0,0,0,1,0,0,0,-69.77777862548828,1,1,0,0,0,0,1,0,0,0,0,1,0,0,0,-75.59259033203125,1,1,0,0,0,0,1,0,0,0,0,1,0,0,0,-81.40740966796875,1,1,0,0,0,0,1,0,0,0,0,1,0,0,0,-87.22222137451172,1,1,0,0,0,0,1,0,0,0,0,1,0,0,0,-93.03704071044922,1,1,0,0,0,0,1,0,0,0,0,1,0,0,0,-98.85185241699219,1,1,0,0,0,0,1,0,0,0,0,1,0,0,0,-104.66666412353516,1,1,0,0,0,0,1,0,0,0,0,1,0,0,0,-110.48148345947266,1,1,0,0,0,0,1,0,0,0,0,1,0,0,0,-116.29629516601562,1,1,0,0,0,0,1,0,0,0,0,1,0,0,0,-122.11111450195312,1,1,0,0,0,0,1,0,0,0,0,1,0,0,0,-127.9259262084961,1,1,0,0,0,0,1,0,0,0,0,1,0,0,0,-133.74073791503906,1,1,0,0,0,0,1,0,0,0,0,1,0,0,0,-139.55555725097656,1,1,0,0,0,0,1,0,0,0,0,1,0,0,0,-145.37037658691406,1,1,0,0,0,0,1,0,0,0,0,1,0,0,0,-151.1851806640625,1],"ids":[1028242,1028261,1028280,1028299,1028318,1028337,1028356,1028375,1028394,1028413,1028432,1028451,1028470,1028489,1028508,1028527,1028546,1028565,1028584,1028603,1028622,1028641,1028660,1028679,1028698,1028717,1028736]}