{"matrices":[1,0,0,0,0,1,0,0,0,0,1,0,0,0,0,1,1,0,0,0,0,1,0,0,0,0,1,0,-16,0,0,1,1,0,0,0,0,1,0,0,0,0,1,0,-32,0,-1.1368683772161603e-13,1,1,0,0,0,0,1,0,0,0,0,1,0,-48,0,-1.1368683772161603e-13,1,1,0,0,0,0,1,0,0,0,0,1,0,-64,0,-1.9895196601282805e-13,1,1,0,0,0,0,1,0,0,0,0,1,0,0,48,0,1,1,0,0,0,0,1,0,0,0,0,1,0,-16,48,0,1,1,0,0,0,0,1,0,0,0,0,1,0,-32,48,-1.1368683772161603e-13,1,1,0,0,0,0,1,0,0,0,0,1,0,-48,48,-1.1368683772161603e-13,1,1,0,0,0,0,1,0,0,0,0,1,0,-64,48,-1.9895196601282805e-13,1],"ids":[1139689,1139786,1139837,1139888,1139939,1176355,1176406,1176457,1176508,1176559]}