{"matrices":[1,0,0,0,0,1,0,0,0,0,1,0,0,0,0,1,-1,0,0,0,0,-1,0,0,0,0,1,0,16.65068817138672,66.38713836669922,0,1,1,0,0,0,0,1,0,0,0,0,1,0,-24,0,0,1,-1,0,0,0,0,1,0,0,0,0,-1,0,-5.349311828613281,0,47.81129455566406,1],"ids":[1767923,1768312,1775991,1776030]}