{"matrices":[1,0,0,0,0,1,0,0,0,0,1,0,0,0,0,1,1,0,0,0,0,1,0,0,0,0,1,0,-16,0,-1.1368683772161603e-13,1,1,0,0,0,0,1,0,0,0,0,1,0,-32,0,-1.1368683772161603e-13,1,1,0,0,0,0,1,0,0,0,0,1,0,-48,0,-1.9895196601282805e-13,1,1,0,0,0,0,1,0,0,0,0,1,0,-64,0,-1.9895196601282805e-13,1,1,0,0,0,0,1,0,0,0,0,1,0,0,12,0,1,1,0,0,0,0,1,0,0,0,0,1,0,-16,12,-1.1368683772161603e-13,1,1,0,0,0,0,1,0,0,0,0,1,0,-32,12,-1.1368683772161603e-13,1,1,0,0,0,0,1,0,0,0,0,1,0,-48,12,-1.9895196601282805e-13,1,1,0,0,0,0,1,0,0,0,0,1,0,-64,12,-1.9895196601282805e-13,1,1,0,0,0,0,1,0,0,0,0,1,0,16,24,0,1,1,0,0,0,0,1,0,0,0,0,1,0,0,24,0,1,1,0,0,0,0,1,0,0,0,0,1,0,-16,24,-1.1368683772161603e-13,1,1,0,0,0,0,1,0,0,0,0,1,0,-32,24,-1.1368683772161603e-13,1,1,0,0,0,0,1,0,0,0,0,1,0,-48,24,-1.9895196601282805e-13,1,1,0,0,0,0,1,0,0,0,0,1,0,-64,24,-1.9895196601282805e-13,1,1,0,0,0,0,1,0,0,0,0,1,0,16,36,0,1,1,0,0,0,0,1,0,0,0,0,1,0,0,36,0,1,1,0,0,0,0,1,0,0,0,0,1,0,-16,36,-1.1368683772161603e-13,1,1,0,0,0,0,1,0,0,0,0,1,0,-32,36,-1.1368683772161603e-13,1,1,0,0,0,0,1,0,0,0,0,1,0,-48,36,-1.9895196601282805e-13,1,1,0,0,0,0,1,0,0,0,0,1,0,-64,36,-1.9895196601282805e-13,1,1,0,0,0,0,1,0,0,0,0,1,0,16,48,0,1,1,0,0,0,0,1,0,0,0,0,1,0,0,48,0,1,1,0,0,0,0,1,0,0,0,0,1,0,-16,48,-1.1368683772161603e-13,1,1,0,0,0,0,1,0,0,0,0,1,0,-32,48,-1.1368683772161603e-13,1,1,0,0,0,0,1,0,0,0,0,1,0,-48,48,-1.9895196601282805e-13,1,1,0,0,0,0,1,0,0,0,0,1,0,-64,48,-1.9895196601282805e-13,1],"ids":[1139365,1139416,1139467,1139518,1139569,1162347,1162398,1162449,1162500,1162551,1166433,1166484,1166535,1166586,1166637,1166688,1171221,1171272,1171323,1171374,1171425,1171476,1176009,1176060,1176111,1176162,1176213,1176264]}