{"matrices":[1,0,0,0,0,1,0,0,0,0,1,0,0,0,0,1,1,0,0,0,0,1,0,0,0,0,1,0,0,0,2.3829166889190674,1,1,0,0,0,0,1,0,0,0,0,1,0,0,0,4.666666507720947,1],"ids":[1574752,1574777,1574800]}