{"matrices":[1,0,0,0,0,1,0,0,0,0,1,0,0,0,0,1,0,0,-1,0,0,1,0,0,1,0,0,0,32.015586853027344,0.6666666865348816,69.10771179199219,1],"ids":[1728044,1728559]}