{"matrices":[1,0,0,0,0,1,0,0,0,0,1,0,0,0,0,1,0,0,-1,0,0,1,0,0,1,0,0,0,52.30183792114258,0,-12.611145973205566,1,-1,0,0,0,0,1,0,0,0,0,-1,0,-5.653469085693359,0,5.863376617431641,1,-1,0,0,0,0,1,0,0,0,0,-1,0,16.67986488342285,0,5.863376617431641,1,-1,0,0,0,0,1,0,0,0,0,-1,0,26.84653091430664,0,5.863376617431641,1,-1,0,0,0,0,1,0,0,0,0,-1,0,44.718650817871094,0,5.863376617431641,1],"ids":[976204,976239,999395,999429,999463,999497]}