{"matrices":[1,0,0,0,0,1,0,0,0,0,1,0,0,0,0,1,1,0,0,0,0,1,0,0,0,0,1,0,21.598236083984375,0,-2.1145832538604736,1,1,0,0,0,0,1,0,0,0,0,1,0,9,0,8.526512829121202e-14,1,1,0,0,0,0,1,0,0,0,0,1,0,9,0,-8,1,1,0,0,0,0,1,0,0,0,0,1,0,9,0,-16.255413055419922,1],"ids":[1302547,1302560,1378070,1378083,1378096]}