{"matrices":[1,0,0,0,0,1,0,0,0,0,1,0,0,0,0,1,1,0,0,0,0,1,0,0,0,0,1,0,0,0,20.63541603088379,1,1,0,0,0,0,1,0,0,0,0,1,0,-3.0625,0,53.58333206176758,1],"ids":[1440058,1440150,1440995]}