{"matrices":[1,0,0,0,0,1,0,0,0,0,1,0,0,0,0,1,1,0,0,0,0,1,0,0,0,0,1,0,0,-12,1.4210854715202004e-14,1,1,0,0,0,0,1,0,0,0,0,1,0,0,12,0,1,1,0,0,0,0,1,0,0,0,0,1,0,0,24,0,1,0,0,1,0,0,1,0,0,-1,0,0,0,93.01627349853516,-12,-145.9893341064453,1,0,0,1,0,0,1,0,0,-1,0,0,0,124.568359375,-12,-152.0414276123047,1,0,0,1,0,0,1,0,0,-1,0,0,0,134.1673126220703,-12,-145.9893341064453,1,0,0,1,0,0,1,0,0,-1,0,0,0,170.037109375,-12,-152.0414276123047,1],"ids":[1183014,1205520,1207311,1209102,1210052,1210120,1210154,1210256]}