{"matrices":[1,0,0,0,0,1,0,0,0,0,1,0,0,0,0,1,0,1,0,0,1,0,0,0,0,0,-1,0,1.164955735206604,-6.469093322753906,-106.26070404052734,1],"ids":[1437105,1438955]}