{"matrices":[1,0,0,0,0,1,0,0,0,0,1,0,0,0,0,1,1,0,0,0,0,1,0,0,0,0,1,0,16.25,0,0,1,1,0,0,0,0,1,0,0,0,0,1,0,16.25,0,32.66666793823242,1,1,0,0,0,0,1,0,0,0,0,1,0,0,0,32.66666793823242,1,1,0,0,0,0,1,0,0,0,0,1,0,65,0,-13.166666984558105,1,1,0,0,0,0,1,0,0,0,0,1,0,65,0,1.9895196601282805e-13,1,1,0,0,0,0,1,0,0,0,0,1,0,228.8333282470703,0,32.66666793823242,1,1,0,0,0,0,1,0,0,0,0,1,0,212.8333282470703,0,32.66666793823242,1],"ids":[1020067,1020099,1020129,1020159,1020189,1020219,1048302,1182531]}