{"matrices":[1,0,0,0,0,1,0,0,0,0,1,0,0,0,0,1,1,0,0,0,0,1,0,0,0,0,1,0,0,0,10.739583015441895,1,-1,0,0,0,0,1,0,0,0,0,-1,0,-89.15795135498047,0,-117.78245544433594,1,-1,0,0,0,0,1,0,0,0,0,-1,0,-89.15795135498047,0,-107.0428695678711,1,-1,0,0,0,0,1,0,0,0,0,-1,0,-89.15795135498047,0,-96.30329132080078,1,1,0,0,0,0,1,0,0,0,0,1,0,-4.083333492279053,0,21.47916603088379,1],"ids":[1513385,1513438,1513491,1513544,1513597,1513650]}