{"matrices":[1,0,0,0,0,1,0,0,0,0,1,0,0,0,0,1,-1,0,0,0,0,1,0,0,0,0,-1,0,-38.3454475402832,0,20.57171058654785,1],"ids":[1035402,1041721]}