{"matrices":[1,0,0,0,0,1,0,0,0,0,1,0,0,0,0,1,1,0,0,0,0,1,0,0,0,0,1,0,9.659722328186035,0,0,1,1,0,0,0,0,1,0,0,0,0,1,0,0,3,0,1,1,0,0,0,0,1,0,0,0,0,1,0,9.659722328186035,3,0,1,-1,0,0,0,0,1,0,0,0,0,-1,0,336.9878845214844,0,33.05087661743164,1,-1,0,0,0,0,1,0,0,0,0,-1,0,327.3281555175781,0,33.05087661743164,1,-1,0,0,0,0,1,0,0,0,0,-1,0,336.9878845214844,3,33.05087661743164,1,-1,0,0,0,0,1,0,0,0,0,-1,0,327.3281555175781,3,33.05087661743164,1],"ids":[1152700,1152753,1152770,1152804,1158551,1158585,1158602,1158636]}