{"matrices":[1,0,0,0,0,1,0,0,0,0,1,0,0,0,0,1,1,0,0,0,0,1,0,0,0,0,1,0,0,0,14.5,1,0,0,-1,0,0,1,0,0,1,0,0,0,-32.37505340576172,0,108.13377380371094,1,0,0,-1,0,0,1,0,0,1,0,0,0,-46.562496185302734,0,108.13377380371094,1,0,0,-1,0,0,1,0,0,1,0,0,0,-78.9948501586914,0,108.13377380371094,1,0,0,-1,0,0,1,0,0,1,0,0,0,-115.7110824584961,0,108.13377380371094,1,1,0,0,0,0,1,0,0,0,0,1,0,-83.33602142333984,0,14.5,1,1,0,0,0,0,1,0,0,0,0,1,0,-83.33602142333984,0,-2,1],"ids":[1726388,1727251,1727268,1727285,1727302,1727319,1727336,1727353]}