{"matrices":[1,0,0,0,0,1,0,0,0,0,1,0,0,0,0,1,-1,0,0,0,0,1,0,0,0,0,-1,0,-103.21015167236328,0,133.32960510253906,1,-1,0,0,0,0,-1,0,0,0,0,1,0,-89.21015167236328,66.38713836669922,0,1,1,0,0,0,0,-1,0,0,0,0,-1,0,14,66.38713836669922,133.32960510253906,1,0,0,-1,0,1,0,0,0,0,-1,0,0,-84.79864501953125,96.9521255493164,6.059730529785156,1,0,0,-1,0,1,0,0,0,0,-1,0,0,-70.79864501953125,96.9521255493164,6.059730529785156,1,0,0,-1,0,1,0,0,0,0,-1,0,0,-70.79864501953125,96.9521255493164,24.059730529785156,1,0,0,-1,0,1,0,0,0,0,-1,0,0,-84.79864501953125,96.9521255493164,24.059730529785156,1],"ids":[1696554,1696567,1696593,1696606,1776141,1776158,1776175,1776192]}