{"matrices":[1,0,0,0,0,1,0,0,0,0,1,0,0,0,0,1,1,0,0,0,0,1,0,0,0,0,1,0,23,0,2,1,1,0,0,0,0,1,0,0,0,0,1,0,27,0,-31,1,1,0,0,0,0,1,0,0,0,0,1,0,11.895891189575195,0,-42,1,1,0,0,0,0,1,0,0,0,0,1,0,-4.1041083335876465,0,-42,1,1,0,0,0,0,1,0,0,0,0,1,0,42,0,-31,1,1,0,0,0,0,1,0,0,0,0,1,0,42,0,-40.16145706176758,1,1,0,0,0,0,1,0,0,0,0,1,0,61,0,-31,1,1,0,0,0,0,1,0,0,0,0,1,0,77.5,0,-31,1,1,0,0,0,0,1,0,0,0,0,1,0,76.97054290771484,0,-15.5,1,1,0,0,0,0,1,0,0,0,0,1,0,91.5,0,-15.5,1,1,0,0,0,0,1,0,0,0,0,1,0,85.0417251586914,0,-7.803327560424805,1,1,0,0,0,0,1,0,0,0,0,1,0,76.97054290771484,0,6,1,1,0,0,0,0,1,0,0,0,0,1,0,44.729225158691406,0,8.5,1,1,0,0,0,0,1,0,0,0,0,1,0,76.01183319091797,0,19.458141326904297,1,1,0,0,0,0,1,0,0,0,0,1,0,76.01183319091797,0,33.9581413269043,1,1,0,0,0,0,1,0,0,0,0,1,0,76.01183319091797,0,48.4581413269043,1,1,0,0,0,0,1,0,0,0,0,1,0,62.97928237915039,0,48.4581413269043,1,1,0,0,0,0,1,0,0,0,0,1,0,44.97928237915039,0,48.4581413269043,1,1,0,0,0,0,1,0,0,0,0,1,0,30.546934127807617,0,48.4581413269043,1,1,0,0,0,0,1,0,0,0,0,1,0,-6.919300079345703,0,48.4581413269043,1,1,0,0,0,0,1,0,0,0,0,1,0,-6.919300079345703,0,33.9581413269043,1,1,0,0,0,0,1,0,0,0,0,1,0,-6.919300079345703,0,17.458141326904297,1,1,0,0,0,0,1,0,0,0,0,1,0,127.87826538085938,0,-12.781133651733398,1,1,0,0,0,0,1,0,0,0,0,1,0,149.22921752929688,0,-12.781133651733398,1,1,0,0,0,0,1,0,0,0,0,1,0,169.89588928222656,0,-13.270716667175293,1,1,0,0,0,0,1,0,0,0,0,1,0,174.72921752929688,0,-29.09375,1],"ids":[1720658,1720675,1720692,1720709,1720726,1720743,1720760,1720777,1720794,1720811,1720828,1720845,1720862,1720879,1720896,1720913,1720930,1720947,1720964,1720981,1720998,1721015,1721032,1721049,1721066,1721083,1721096]}