{"matrices":[1,0,0,0,0,1,0,0,0,0,1,0,0,0,0,1,-1,0,0,0,0,1,0,0,0,0,-1,0,-69.00949096679688,0,49.46754455566406,1,-1,0,0,0,0,-1,0,0,0,0,1,0,-67.05970001220703,36.88713836669922,-4.302083492279053,1,-1,0,0,0,0,-1,0,0,0,0,1,0,-45.84815216064453,36.88713836669922,-26.92708396911621,1],"ids":[1711052,1711078,1711091,1712018]}