{"matrices":[1,0,0,0,0,1,0,0,0,0,1,0,0,0,0,1,1,0,0,0,0,1,0,0,0,0,1,0,12,0,0,1,1,0,0,0,0,1,0,0,0,0,1,0,0,0,18,1,1,0,0,0,0,1,0,0,0,0,1,0,12,0,18,1,1,0,0,0,0,1,0,0,0,0,1,0,-36.221649169921875,0,1.0002480745315552,1,1,0,0,0,0,1,0,0,0,0,1,0,-24,0,-1.4210854715202004e-14,1,1,0,0,0,0,1,0,0,0,0,1,0,-24,0,18,1,1,0,0,0,0,1,0,0,0,0,1,0,-10,0,18,1,1,0,0,0,0,1,0,0,0,0,1,0,-10,0,0,1],"ids":[1768705,1768722,1768739,1768756,1768790,1776073,1776090,1776107,1776124]}