{"matrices":[1,0,0,0,0,1,0,0,0,0,1,0,0,0,0,1,1,0,0,0,0,1,0,0,0,0,1,0,10.005208015441895,0,0,1,1,0,0,0,0,1,0,0,0,0,1,0,0,0,8,1,1,0,0,0,0,1,0,0,0,0,1,0,10.005208015441895,0,8,1,1,0,0,0,0,1,0,0,0,0,1,0,0,0,16,1,1,0,0,0,0,1,0,0,0,0,1,0,10.005208015441895,0,16,1,1,0,0,0,0,1,0,0,0,0,1,0,4,0,-7.932499885559082,1,1,0,0,0,0,1,0,0,0,0,1,0,50.86470031738281,0,-9.947598300641403e-14,1,1,0,0,0,0,1,0,0,0,0,1,0,60.86470031738281,0,-1.9895196601282805e-13,1,1,0,0,0,0,1,0,0,0,0,1,0,50.86470031738281,0,8,1,1,0,0,0,0,1,0,0,0,0,1,0,60.86470031738281,0,8,1,1,0,0,0,0,1,0,0,0,0,1,0,50.86470031738281,0,16,1,1,0,0,0,0,1,0,0,0,0,1,0,60.86470031738281,0,16,1,1,0,0,0,0,1,0,0,0,0,1,0,54.86470031738281,0,-7.979166507720947,1],"ids":[1720418,1720481,1720498,1720515,1720532,1720549,1720566,1721113,1721130,1721147,1721164,1721181,1721198,1721215]}