{"matrices":[1,0,0,0,0,1,0,0,0,0,1,0,0,0,0,1,1,0,0,0,0,1,0,0,0,0,1,0,9.715277671813965,0,1.1368683772161603e-13,1,1,0,0,0,0,1,0,0,0,0,1,0,0,3,0,1,1,0,0,0,0,1,0,0,0,0,1,0,9.715277671813965,3,1.1368683772161603e-13,1,1,0,0,0,0,1,0,0,0,0,1,0,16,0,1.1368683772161603e-13,1,1,0,0,0,0,1,0,0,0,0,1,0,25.71527862548828,0,1.1368683772161603e-13,1,1,0,0,0,0,1,0,0,0,0,1,0,16,3,1.1368683772161603e-13,1,1,0,0,0,0,1,0,0,0,0,1,0,25.71527862548828,3,1.1368683772161603e-13,1,1,0,0,0,0,1,0,0,0,0,1,0,48,0,2.1316282072803006e-13,1,1,0,0,0,0,1,0,0,0,0,1,0,57.71527862548828,0,2.1316282072803006e-13,1,1,0,0,0,0,1,0,0,0,0,1,0,48,3,2.1316282072803006e-13,1,1,0,0,0,0,1,0,0,0,0,1,0,57.71527862548828,3,2.1316282072803006e-13,1],"ids":[1145518,1145571,1145588,1145622,1146957,1146991,1147008,1147042,1149873,1149907,1149924,1149958]}