{"matrices":[1,0,0,0,0,1,0,0,0,0,1,0,0,0,0,1,-1,0,0,0,0,1,0,0,0,0,-1,0,-42.029212951660156,0,24.020288467407227,1],"ids":[1402832,1416719]}