{"matrices":[1,0,0,0,0,1,0,0,0,0,1,0,0,0,0,1,1,0,0,0,0,1,0,0,0,0,1,0,-3.0999999046325684,0,0,1,1,0,0,0,0,1,0,0,0,0,1,0,-6.199999809265137,0,0,1],"ids":[1125278,1125295,1125312]}