{"matrices":[1,0,0,0,0,1,0,0,0,0,1,0,0,0,0,1,0,0,-1,0,0,1,0,0,1,0,0,0,7.966767311096191,0,-104.47019958496094,1,1,0,0,0,0,1,0,0,0,0,1,0,0,0,9.47743034362793,1,1,0,0,0,0,1,0,0,0,0,1,0,0,0,21.43229103088379,1,1,0,0,0,0,1,0,0,0,0,1,0,0,0,30.40972137451172,1,0,0,1,0,0,1,0,0,-1,0,0,0,-100.4476318359375,0,9.010663032531738,1,0,0,-1,0,0,1,0,0,1,0,0,0,7.966767311096191,0,-86.51534271240234,1,0,0,1,0,0,1,0,0,-1,0,0,0,-100.4476318359375,0,26.965524673461914,1,0,0,-1,0,0,1,0,0,1,0,0,0,18.542287826538086,0,-87.30353546142578,1,0,0,-1,0,0,1,0,0,1,0,0,0,27.841768264770508,0,-87.30353546142578,1,0,0,-1,0,0,1,0,0,1,0,0,0,41.8678092956543,0,-87.30353546142578,1,0,0,1,0,0,1,0,0,-1,0,0,0,-50.9476318359375,0,0.03323250263929367,1,0,0,1,0,0,1,0,0,-1,0,0,0,-62.9476318359375,0,0.03323250263929367,1,0,0,1,0,0,1,0,0,-1,0,0,0,-89.87211608886719,0,26.177330017089844,1,0,0,1,0,0,1,0,0,-1,0,0,0,-96.9476318359375,0,35.942955017089844,1,-1,0,0,0,0,1,0,0,0,0,-1,0,-113.48086547851562,0,-86.98210906982422,1,0,0,-1,0,0,1,0,0,1,0,0,0,0.9667674899101257,0,-113.4476318359375,1,0,0,-1,0,0,1,0,0,1,0,0,0,45.466766357421875,0,-113.4476318359375,1],"ids":[1714885,1714908,1714977,1715000,1715023,1715115,1715138,1715161,1715230,1715253,1715322,1715629,1715698,1715744,1715944,1718575,1718598,1718621]}