{"matrices":[1,0,0,0,0,1,0,0,0,0,1,0,0,0,0,1,-1,0,0,0,0,1,0,0,0,0,-1,0,-63.17878341674805,0,-77.09842681884766,1,1,0,0,0,0,1,0,0,0,0,1,0,18.89583396911621,0,0,1,-1,0,0,0,0,1,0,0,0,0,-1,0,-44.2829475402832,0,-77.09842681884766,1,1,0,0,0,0,1,0,0,0,0,1,0,41.07291793823242,0,-2.7369792461395264,1,-1,0,0,0,0,1,0,0,0,0,-1,0,-26.605865478515625,0,-79.83541107177734,1,0,0,-1,0,0,1,0,0,1,0,0,0,3.308781385421753,0,-54.839996337890625,1,0,0,1,0,0,1,0,0,-1,0,0,0,-73.7896499633789,0,12.838788032531738,1],"ids":[1660486,1660510,1660748,1660772,1661081,1661105,1661296,1661320]}