{"matrices":[1,0,0,0,0,1,0,0,0,0,1,0,0,0,0,1,3.76449224440481e-14,3.613895641074727e-12,1,0,-3.327226494320712e-8,1,-3.613897375798203e-12,0,-1,-3.327226494320712e-8,3.764489533899379e-14,0,-68.80485534667969,0.13423489034175873,-51.65601348876953,1],"ids":[1597786,1604166]}