{"matrices":[1,0,0,0,0,1,0,0,0,0,1,0,0,0,0,1,1,0,0,0,0,1,5.551115123125783e-17,0,0,0,1,0,0,14.75,0,1,1,0,0,0,0,1,5.551115123125783e-17,0,0,0,1,0,0,29.5,0,1],"ids":[1388105,1388125,1388135]}