{"matrices":[1,0,0,0,0,1,0,0,0,0,1,0,0,0,0,1,0,0,-1,0,0,1,0,0,1,0,0,0,-45.58265686035156,0,27.925630569458008,1,0,0,-1,0,0,1,0,0,1,0,0,0,5.282041549682617,0,27.925630569458008,1,0,0,-1,0,0,1,0,0,1,0,0,0,-11.64765739440918,0,-10.651619911193848,1,0,0,-1,0,0,1,0,0,1,0,0,0,10.35234260559082,0,-11.151619911193848,1,0,0,-1,0,0,1,0,0,1,0,0,0,-20.006122589111328,0,27.925630569458008,1],"ids":[1687163,1687184,1687203,1758622,1758641,1808499]}