{"matrices":[1,0,0,0,0,1,0,0,0,0,1,0,0,0,0,1,-1,0,0,0,0,1,0,0,0,0,-1,0,109.65454864501953,0,56.57170867919922,1],"ids":[1183505,1183540]}