{"matrices":[1,0,0,0,0,1,0,0,0,0,1,0,0,0,0,1,-0.8190744519233704,0.5736871957778931,0,0,0.5736871957778931,0.8190744519233704,0,0,0,0,-1,0,-2.0135269165039062,0.6350123286247253,-105.78105926513672,1],"ids":[2181923,2181944]}