{"matrices":[1,0,0,0,0,1,0,0,0,0,1,0,0,0,0,1,0,0,1,0,0,1,0,0,-1,0,0,0,69.07667541503906,0,128.4740753173828,1,0,0,1,0,0,1,0,0,-1,0,0,0,69.07667541503906,0,100.24490356445312,1,0,0,1,0,0,1,0,0,-1,0,0,0,69.07667541503906,0,114.74490356445312,1,1,0,0,0,0,1,0,0,0,0,1,0,53.68240737915039,0,39.057098388671875,1,1,0,0,0,0,1,0,0,0,0,1,0,35.68240737915039,0,39.057098388671875,1,1,0,0,0,0,1,0,0,0,0,1,0,21.250059127807617,0,39.057098388671875,1,0,0,-1,0,0,1,0,0,1,0,0,0,-104.88314819335938,0,40.26392364501953,1,0,0,1,0,0,1,0,0,-1,0,0,0,-14.259352684020996,0,114.74490356445312,1,0,0,1,0,0,1,0,0,-1,0,0,0,-14.259352684020996,0,98.24490356445312,1],"ids":[1722473,1725120,1725137,1725154,1725191,1725228,1725265,1725302,1725319,1725356]}