{"matrices":[1,0,0,0,0,1,0,0,0,0,1,0,0,0,0,1,1,0,0,0,0,1,0,0,0,0,1,0,15.333333015441895,0,9.947598300641403e-14,1,1,0,0,0,0,1,0,0,0,0,1,0,0,0,13.908188819885254,1,1,0,0,0,0,1,0,0,0,0,1,0,15.333333015441895,0,13.908188819885254,1,1,0,0,0,0,1,0,0,0,0,1,0,32.73904800415039,0,9.947598300641403e-14,1,1,0,0,0,0,1,0,0,0,0,1,0,32.73904800415039,0,13.908188819885254,1,1,0,0,0,0,1,0,0,0,0,1,0,-32.5,0,-9.947598300641403e-14,1,1,0,0,0,0,1,0,0,0,0,1,0,-17.16666603088379,0,0,1,1,0,0,0,0,1,0,0,0,0,1,0,-32.5,0,13.908188819885254,1,1,0,0,0,0,1,0,0,0,0,1,0,-17.16666603088379,0,13.908188819885254,1],"ids":[1397286,1397311,1397334,1397357,1397380,1397403,1640678,1640701,1640724,1640747]}