{"matrices":[1,0,0,0,0,1,0,0,0,0,1,0,0,0,0,1,-1,0,0,0,0,1,0,0,0,0,-1,0,-72.17877960205078,0,-77.09842681884766,1,1,0,0,0,0,1,0,0,0,0,1,0,9,0,1.1368683772161603e-13,1,1,0,0,0,0,1,0,0,0,0,1,0,2.25,0,0,1,-1,0,0,0,0,1,0,0,0,0,-1,0,-63.17878341674805,0,-77.09842681884766,1,-1,0,0,0,0,1,0,0,0,0,-1,0,-69.92877960205078,0,-77.09842681884766,1,1,0,0,0,0,1,0,0,0,0,1,0,4.5,0,0,1,-1,0,0,0,0,1,0,0,0,0,-1,0,-67.67877960205078,0,-77.09842681884766,1,1,0,0,0,0,1,0,0,0,0,1,0,18.89583396911621,0,0,1,-1,0,0,0,0,1,0,0,0,0,-1,0,-53.2829475402832,0,-77.09842681884766,1,1,0,0,0,0,1,0,0,0,0,1,0,27.89583396911621,0,1.1368683772161603e-13,1,1,0,0,0,0,1,0,0,0,0,1,0,21.14583396911621,0,0,1,-1,0,0,0,0,1,0,0,0,0,-1,0,-44.2829475402832,0,-77.09842681884766,1,-1,0,0,0,0,1,0,0,0,0,-1,0,-51.0329475402832,0,-77.09842681884766,1,1,0,0,0,0,1,0,0,0,0,1,0,23.39583396911621,0,1.1368683772161603e-13,1,-1,0,0,0,0,1,0,0,0,0,-1,0,-48.7829475402832,0,-77.09842681884766,1,1,0,0,0,0,1,0,0,0,0,1,0,41.07291793823242,0,-2.9869792461395264,1,-1,0,0,0,0,1,0,0,0,0,-1,0,-31.105865478515625,0,-79.58541107177734,1,1,0,0,0,0,1,0,0,0,0,1,0,45.57291793823242,0,-2.9869792461395264,1,1,0,0,0,0,1,0,0,0,0,1,0,43.32291793823242,0,-2.9869792461395264,1,-1,0,0,0,0,1,0,0,0,0,-1,0,-26.605865478515625,0,-79.58541107177734,1,-1,0,0,0,0,1,0,0,0,0,-1,0,-28.855865478515625,0,-79.58541107177734,1,0,0,-1,0,0,1,0,0,1,0,0,0,3.058781385421753,0,-54.839996337890625,1,0,0,1,0,0,1,0,0,-1,0,0,0,-73.5396499633789,0,17.338788986206055,1,0,0,-1,0,0,1,0,0,1,0,0,0,3.058781385421753,0,-59.339996337890625,1,0,0,-1,0,0,1,0,0,1,0,0,0,3.058781385421753,0,-57.089996337890625,1,0,0,1,0,0,1,0,0,-1,0,0,0,-73.5396499633789,0,12.838788032531738,1,0,0,1,0,0,1,0,0,-1,0,0,0,-73.5396499633789,0,15.088788032531738,1,1,0,0,0,0,1,0,0,0,0,1,0,6.75,0,0,1,-1,0,0,0,0,1,0,0,0,0,-1,0,-65.42877960205078,0,-77.09842681884766,1,1,0,0,0,0,1,0,0,0,0,1,0,25.64583396911621,0,0,1,-1,0,0,0,0,1,0,0,0,0,-1,0,-46.5329475402832,0,-77.09842681884766,1],"ids":[1655570,1660534,1660558,1660582,1660606,1660630,1660654,1660678,1660724,1660796,1660820,1660844,1660868,1660892,1660916,1660940,1661057,1661129,1661153,1661177,1661201,1661225,1661272,1661344,1661368,1661392,1661416,1661440,2177551,2177575,2177599,2177623]}