{"matrices":[1,0,0,0,0,1,0,0,0,0,1,0,0,0,0,1,1,0,0,0,0,1,0,0,0,0,1,0,0,0.0603298619389534,2.8958332538604736,1,1,0,0,0,0,1,0,0,0,0,1,0,0,-0.13355965912342072,-6.410863399505615,1,1,0,0,0,0,1,0,0,0,0,1,0,0,-0.14670154452323914,-7.0416741371154785,1],"ids":[1643454,1643716,1645795,1647754]}