{"matrices":[1,0,0,0,0,1,0,0,0,0,1,0,0,0,0,1,1,0,0,0,0,1,0,0,0,0,1,0,-11.82638931274414,0,0,1,1,0,0,0,0,1,0,0,0,0,1,0,0,8.9375,0,1,1,0,0,0,0,1,0,0,0,0,1,0,-11.82638931274414,8.9375,0,1],"ids":[1157023,1157076,1157233,1157267]}