{"matrices":[1,0,0,0,0,1,0,0,0,0,1,0,0,0,0,1,1,0,0,0,0,1,0,0,0,0,1,0,7.995753288269043,0,0,1,1,0,0,0,0,1,0,0,0,0,1,0,16.202863693237305,0,0,1,1,0,0,0,0,1,0,0,0,0,1,0,23.92972183227539,0,0,1,1,0,0,0,0,1,0,0,0,0,1,0,0,0,9,1,1,0,0,0,0,1,0,0,0,0,1,0,7.995753288269043,0,9,1,1,0,0,0,0,1,0,0,0,0,1,0,16.202863693237305,0,9,1,1,0,0,0,0,1,0,0,0,0,1,0,23.92972183227539,0,9,1,1,0,0,0,0,1,0,0,0,0,1,0,0,0,28.75,1,1,0,0,0,0,1,0,0,0,0,1,0,7.995753288269043,0,28.75,1,1,0,0,0,0,1,0,0,0,0,1,0,16.202863693237305,0,28.75,1,1,0,0,0,0,1,0,0,0,0,1,0,23.92972183227539,0,28.75,1,1,0,0,0,0,1,0,0,0,0,1,0,0,0,19.25,1,1,0,0,0,0,1,0,0,0,0,1,0,7.995753288269043,0,19.25,1,1,0,0,0,0,1,0,0,0,0,1,0,16.202863693237305,0,19.25,1,1,0,0,0,0,1,0,0,0,0,1,0,23.92972183227539,0,19.25,1],"ids":[1281212,1291992,1292092,1292192,1292292,1292392,1292492,1292592,1292692,1292792,1292892,1292992,1293092,1293192,1293292,1293392]}