{"matrices":[1,0,0,0,0,1,0,0,0,0,1,0,0,0,0,1,1,0,0,0,0,1,0,0,0,0,1,0,9.659722328186035,0,0,1,1,0,0,0,0,1,0,0,0,0,1,0,0,8.9375,0,1,1,0,0,0,0,1,0,0,0,0,1,0,9.659722328186035,8.9375,0,1,-1,0,0,0,0,1,0,0,0,0,-1,0,336.9878845214844,0,33.05087661743164,1,-1,0,0,0,0,1,0,0,0,0,-1,0,327.3281555175781,0,33.05087661743164,1,-1,0,0,0,0,1,0,0,0,0,-1,0,336.9878845214844,8.9375,33.05087661743164,1,-1,0,0,0,0,1,0,0,0,0,-1,0,327.3281555175781,8.9375,33.05087661743164,1],"ids":[1152611,1152664,1152821,1152855,1158500,1158534,1158653,1158687]}