{"matrices":[1,0,0,0,0,1,0,0,0,0,1,0,0,0,0,1,0,0,-1,0,0,1,0,0,1,0,0,0,27.489336013793945,0,-26.72454261779785,1,0,0,-1,0,0,1,0,0,1,0,0,0,32.98933792114258,0,-26.72454261779785,1,1,0,0,0,0,1,0,0,0,0,1,0,-39.703125,0,17.66666603088379,1,1,0,0,0,0,1,0,0,0,0,1,0,-20.80208396911621,0,10.166666984558105,1,-1,0,0,0,0,1,0,0,0,0,-1,0,13.32121753692627,0,-95.2928695678711,1,1,0,0,0,0,1,0,0,0,0,1,0,0,0,10,1],"ids":[1810833,1811199,1811222,1811245,1811268,1811291,1811314]}