{"matrices":[1,0,0,0,0,1,0,0,0,0,1,0,0,0,0,1,1,0,0,0,0,1,0,0,0,0,1,0,-24,0,56,1,1,0,0,0,0,1,0,0,0,0,1,0,-12,0,56,1,1,0,0,0,0,1,0,0,0,0,1,0,0,0,56,1,1,0,0,0,0,1,0,0,0,0,1,0,-24,0,64,1,1,0,0,0,0,1,0,0,0,0,1,0,-12,0,64,1,1,0,0,0,0,1,0,0,0,0,1,0,0,0,64,1,1,0,0,0,0,1,0,0,0,0,1,0,0,0,24,1,1,0,0,0,0,1,0,0,0,0,1,0,0,0,32,1,1,0,0,0,0,1,0,0,0,0,1,0,0,0,40,1,1,0,0,0,0,1,0,0,0,0,1,0,0,0,48,1,1,0,0,0,0,1,0,0,0,0,1,0,12,0,48,1,1,0,0,0,0,1,0,0,0,0,1,0,24,0,48,1,1,0,0,0,0,1,0,0,0,0,1,0,36,0,48,1,1,0,0,0,0,1,0,0,0,0,1,0,12,0,40,1,1,0,0,0,0,1,0,0,0,0,1,0,24,0,40,1,1,0,0,0,0,1,0,0,0,0,1,0,36,0,40,1,1,0,0,0,0,1,0,0,0,0,1,0,12,0,32,1,1,0,0,0,0,1,0,0,0,0,1,0,24,0,32,1,1,0,0,0,0,1,0,0,0,0,1,0,36,0,32,1,1,0,0,0,0,1,0,0,0,0,1,0,12,0,24,1,1,0,0,0,0,1,0,0,0,0,1,0,36,0,24,1,1,0,0,0,0,1,0,0,0,0,1,0,-12,0,8.526512829121202e-14,1,1,0,0,0,0,1,0,0,0,0,1,0,0,0,8,1,1,0,0,0,0,1,0,0,0,0,1,0,-12,0,8,1,1,0,0,0,0,1,0,0,0,0,1,0,-24,0,8,1,1,0,0,0,0,1,0,0,0,0,1,0,-24,0,1.9895196601282805e-13,1,1,0,0,0,0,1,0,0,0,0,1,0,0,0,16,1,1,0,0,0,0,1,0,0,0,0,1,0,-12,0,16,1,1,0,0,0,0,1,0,0,0,0,1,0,-24,0,16,1,1,0,0,0,0,1,0,0,0,0,1,0,-28,0,24,1,1,0,0,0,0,1,0,0,0,0,1,0,-28,0,32,1,1,0,0,0,0,1,0,0,0,0,1,0,-28,0,40,1,1,0,0,0,0,1,0,0,0,0,1,0,-28,0,48,1,1,0,0,0,0,1,0,0,0,0,1,0,12,0,56,1,1,0,0,0,0,1,0,0,0,0,1,0,24,0,56,1,1,0,0,0,0,1,0,0,0,0,1,0,36,0,56,1,1,0,0,0,0,1,0,0,0,0,1,0,12,0,64,1,1,0,0,0,0,1,0,0,0,0,1,0,24,0,64,1,1,0,0,0,0,1,0,0,0,0,1,0,36,0,64,1,1,0,0,0,0,1,0,0,0,0,1,0,48,0,48,1,1,0,0,0,0,1,0,0,0,0,1,0,48,0,40,1,1,0,0,0,0,1,0,0,0,0,1,0,48,0,32,1,1,0,0,0,0,1,0,0,0,0,1,0,48,0,24,1,1,0,0,0,0,1,0,0,0,0,1,0,48,0,56,1,1,0,0,0,0,1,0,0,0,0,1,0,48,0,64,1,1,0,0,0,0,1,0,0,0,0,1,0,60,0,46,1,1,0,0,0,0,1,0,0,0,0,1,0,60,0,38,1,1,0,0,0,0,1,0,0,0,0,1,0,60,0,30,1,1,0,0,0,0,1,0,0,0,0,1,0,72,0,46,1,1,0,0,0,0,1,0,0,0,0,1,0,72,0,38,1,1,0,0,0,0,1,0,0,0,0,1,0,72,0,30,1,1,0,0,0,0,1,0,0,0,0,1,0,52,0,14,1,1,0,0,0,0,1,0,0,0,0,1,0,52,0,4,1,1,0,0,0,0,1,0,0,0,0,1,0,52,0,-6,1,1,0,0,0,0,1,0,0,0,0,1,0,52,0,-16,1,1,0,0,0,0,1,0,0,0,0,1,0,12,0,16,1,1,0,0,0,0,1,0,0,0,0,1,0,24,0,24,1],"ids":[1393180,1393209,1393232,1393255,1393278,1393301,1393324,1393347,1393370,1393393,1393416,1393439,1393462,1393485,1393508,1393531,1393554,1393577,1393600,1393623,1393646,1393669,1393692,1393715,1393738,1393761,1393784,1393807,1393830,1393853,1393876,1393899,1393922,1393945,1393968,1393991,1394014,1394037,1394060,1394083,1394106,1394129,1394152,1394175,1394198,1394221,1394244,1394267,1394290,1394313,1394336,1394359,1395052,1395075,1395098,1395121,1395452,1395475]}