{"matrices":[1,0,0,0,0,1,0,0,0,0,1,0,0,0,0,1,-0.9659258127212524,0,-0.258819043636322,0,0,-1,0,0,-0.258819043636322,0,0.9659258127212524,0,46.044925689697266,36.05380630493164,-1.3435019254684448,1],"ids":[1447600,1447718]}