{"matrices":[1,0,0,0,0,1,0,0,0,0,1,0,0,0,0,1,0,1,0,0,1,0,0,0,0,0,-1,0,-13.42027473449707,4.323790550231934,-78.06077575683594,1,0,-1,0,0,0,0,1,0,-1,0,0,0,-48.77189636230469,27.5633487701416,-72.4185791015625,1,0,-1,0,0,0,0,-1,0,1,0,0,0,62.91497039794922,27.5633487701416,-40.53144073486328,1,0,0,1,0,-1,0,0,0,0,-1,0,0,16.22149658203125,-44.44810485839844,-29.288875579833984,1,0,0,1,0,0,-1,0,0,1,0,0,0,60.66960144042969,21.05380630493164,-29.288875579833984,1,0,1,0,0,1,0,0,0,0,0,-1,0,-9.032960891723633,-6.509542942047119,-78.06077575683594,1,0,1,0,0,0,0,-1,0,-1,0,0,0,-53.4810676574707,-6.509542942047119,-48.725528717041016,1,0,-1,0,0,-1,0,0,0,0,0,-1,0,17.52627944946289,16.73001480102539,-125.06077575683594,1,1,0,0,0,0,0,1,0,0,-1,0,0,-10.037069320678711,-36.28144073486328,-98.99105072021484,1,-1,0,0,0,0,-1,0,0,0,0,1,0,13.202488899230957,21.05380630493164,-22.65580177307129,1,0,0,-1,0,-1,0,0,0,0,1,0,0,16.22149658203125,65.50191497802734,-4.549315929412842,1,1,0,0,0,0,0,1,0,0,-1,0,0,-1.7371896505355835,-36.28144073486328,-98.99105072021484,1,-1,0,0,0,0,-1,0,0,0,0,1,0,21.502368927001953,21.05380630493164,-22.65580177307129,1,1,0,0,0,0,1,0,0,0,0,1,0,-2.6330230236053467,-10.833333015441895,2.9275312423706055,1,0,1,0,0,1,0,0,0,0,0,-1,0,-6.956813335418701,-6.509542942047119,-76.5607681274414,1,1,0,0,0,0,0,1,0,0,-1,0,0,-1.7371896505355835,-55.28144073486328,-75.7082748413086,1,1,0,0,0,0,-1,0,0,0,0,-1,0,-2.6330230236053467,10.800225257873535,-117.85581970214844,1,1,0,0,0,0,-1,0,0,0,0,-1,0,0,29.03297233581543,-120.78335571289062,1,0,-1,0,0,0,0,-1,0,1,0,0,0,62.91497039794922,27.5633487701416,-40.53144073486328,1],"ids":[1451623,1451640,1451697,1451714,1462154,1462267,1462300,1462353,1462366,1462379,1462432,1462492,1462525,1462578,1462631,1462644,1485081,1485094,1485111,1538798]}