{"matrices":[1,0,0,0,0,1,0,0,0,0,1,0,0,0,0,1,1,0,0,0,0,1,0,0,0,0,1,0,-11.82638931274414,0,0,1,1,0,0,0,0,1,0,0,0,0,1,0,0,3,0,1,1,0,0,0,0,1,0,0,0,0,1,0,-11.82638931274414,3,0,1],"ids":[1157112,1157165,1157182,1157216]}