{"matrices":[1,0,0,0,0,1,0,0,0,0,1,0,0,0,0,1,-1,0,0,0,0,0,-1,0,0,-1,0,0,-18.002384185791016,-2.383927583694458,-2.383927583694458,1],"ids":[1455228,1455398]}