{"matrices":[1,0,0,0,0,1,0,0,0,0,1,0,0,0,0,1,1,0,0,0,0,1,0,0,0,0,1,0,19.463254928588867,0,-11.5,1,1,0,0,0,0,1,0,0,0,0,1,0,-6.25,24,27.75,1,1,0,0,0,0,1,0,0,0,0,1,0,-6.25,40,27.75,1,0,0,1,0,0,1,0,0,-1,0,0,0,-48.7202033996582,-14.75,5.855954647064209,1,0,0,1,0,0,1,0,0,-1,0,0,0,-48.6889533996582,0,5.855954647064209,1,0,0,1,0,0,1,0,0,-1,0,0,0,-48.6889533996582,12,5.855954647064209,1],"ids":[1160462,1160497,1210849,1211418,1253697,1269129,1270776]}