{"matrices":[1,0,0,0,0,1,0,0,0,0,1,0,0,0,0,1,1,0,0,0,0,1,0,0,0,0,1,0,-1.1368683772161603e-13,0,24.47083282470703,1,1,0,0,0,0,1,0,0,0,0,1,0,0,3,0,1,1,0,0,0,0,1,0,0,0,0,1,0,-1.1368683772161603e-13,3,24.47083282470703,1],"ids":[1154810,1154897,1154914,1154982]}