{"matrices":[1,0,0,0,0,1,0,0,0,0,1,0,0,0,0,1,1,0,0,0,0,1,0,0,0,0,1,0,0,12,4.440892098500626e-16,1,1,0,0,0,0,1,0,0,0,0,1,0,16,28,5.728750807065808e-14,1],"ids":[1161428,1210290,1213346]}