{"matrices":[1,0,0,0,0,1,0,0,0,0,1,0,0,0,0,1,1,0,0,0,0,1,0,0,0,0,1,0,0,8.9375,0,1,1,0,0,0,0,1,0,0,0,0,1,0,16,0,1.1368683772161603e-13,1,1,0,0,0,0,1,0,0,0,0,1,0,16,8.9375,1.1368683772161603e-13,1,1,0,0,0,0,1,0,0,0,0,1,0,48,0,2.1316282072803006e-13,1,1,0,0,0,0,1,0,0,0,0,1,0,48,8.9375,2.1316282072803006e-13,1],"ids":[1145465,1145656,1146923,1147076,1149839,1149992]}