{"matrices":[1,0,0,0,0,1,0,0,0,0,1,0,0,0,0,1,1,0,0,0,0,1,0,0,0,0,1,0,0,0,2.75,1,1,0,0,0,0,1,0,0,0,0,1,0,0,0,-3.9166667461395264,1,-1,0,0,0,0,1,0,0,0,0,-1,0,-23.095449447631836,0.00390625,-95.90745544433594,1,-1,0,0,0,0,1,0,0,0,0,-1,0,-23.095449447631836,0.00390625,-91.15745544433594,1,-1,0,0,0,0,1,0,0,0,0,-1,0,-23.095449447631836,0.00390625,-88.40745544433594,1,-1,0,0,0,0,1,0,0,0,0,-1,0,-23.053823471069336,0.00390625,-85.65746307373047,1],"ids":[1548111,1548136,1548159,1548182,1548205,1548228,1548251]}