{"matrices":[1,0,0,0,0,1,0,0,0,0,1,0,0,0,0,1,1,0,0,0,0,1,0,0,0,0,1,0,5.815340995788574,0,1.4210854715202004e-14,1,1,0,0,0,0,1,0,0,0,0,1,0,11.630681991577148,0,4.263256414560601e-14,1,1,0,0,0,0,1,0,0,0,0,1,0,17.446022033691406,0,5.684341886080802e-14,1,1,0,0,0,0,1,0,0,0,0,1,0,23.261363983154297,0,8.526512829121202e-14,1,1,0,0,0,0,1,0,0,0,0,1,0,29.076704025268555,0,9.947598300641403e-14,1,1,0,0,0,0,1,0,0,0,0,1,0,34.89204406738281,0,1.2789769243681803e-13,1,1,0,0,0,0,1,0,0,0,0,1,0,40.7073860168457,0,1.2789769243681803e-13,1,1,0,0,0,0,1,0,0,0,0,1,0,46.522727966308594,0,1.5631940186722204e-13,1,1,0,0,0,0,1,0,0,0,0,1,0,0,2.8489582538604736,0,1,1,0,0,0,0,1,0,0,0,0,1,0,5.815340995788574,2.8489582538604736,1.4210854715202004e-14,1,1,0,0,0,0,1,0,0,0,0,1,0,11.630681991577148,2.8489582538604736,4.263256414560601e-14,1,1,0,0,0,0,1,0,0,0,0,1,0,17.446022033691406,2.8489582538604736,5.684341886080802e-14,1,1,0,0,0,0,1,0,0,0,0,1,0,23.261363983154297,2.8489582538604736,8.526512829121202e-14,1,1,0,0,0,0,1,0,0,0,0,1,0,29.076704025268555,2.8489582538604736,9.947598300641403e-14,1,1,0,0,0,0,1,0,0,0,0,1,0,34.89204406738281,2.8489582538604736,1.2789769243681803e-13,1,1,0,0,0,0,1,0,0,0,0,1,0,40.7073860168457,2.8489582538604736,1.2789769243681803e-13,1,1,0,0,0,0,1,0,0,0,0,1,0,46.522727966308594,2.8489582538604736,1.5631940186722204e-13,1],"ids":[1184013,1184030,1184047,1184064,1184081,1184098,1184115,1184132,1184149,1184219,1184236,1184253,1184270,1184287,1184304,1184321,1184338,1184355]}