{"matrices":[1,0,0,0,0,1,0,0,0,0,1,0,0,0,0,1,1,0,0,0,0,1,0,0,0,0,1,0,0,14.75,0,1,-1,0,0,0,0,1,0,0,0,0,-1,0,-34.64753341674805,14.75,-29.95953941345215,1,1,0,0,0,0,1,0,0,0,0,1,0,0,26.75,0,1,-1,0,0,0,0,1,0,0,0,0,-1,0,-34.64753341674805,26.75,-29.95953941345215,1],"ids":[1253590,1269091,1269110,1270738,1270757]}