{"matrices":[1,0,0,0,0,1,0,0,0,0,1,0,0,0,0,1,1,0,0,0,0,1,0,0,0,0,1,0,16,0,9.947598300641403e-14,1,1,0,0,0,0,1,0,0,0,0,1,0,32,0,9.947598300641403e-14,1,1,0,0,0,0,1,0,0,0,0,1,0,48,0,1.9895196601282805e-13,1,1,0,0,0,0,1,0,0,0,0,1,0,64,0,1.9895196601282805e-13,1],"ids":[1124909,1125114,1125139,1125164,1125189]}