{"matrices":[1,0,0,0,0,1,0,0,0,0,1,0,0,0,0,1,1,0,0,0,0,1,0,0,0,0,1,0,0,0,5.970052242279053,1,1,0,0,0,0,1,0,0,0,0,1,0,0,0,11.940104484558105,1,1,0,0,0,0,1,0,0,0,0,1,0,0,0,17.91015625,1,1,0,0,0,0,1,0,0,0,0,1,0,0,0,23.88020896911621,1,1,0,0,0,0,1,0,0,0,0,1,0,0,0,29.85025978088379,1,1,0,0,0,0,1,0,0,0,0,1,0,0,0,35.8203125,1,1,0,0,0,0,1,0,0,0,0,1,0,0,0,41.79036331176758,1],"ids":[1032057,1032076,1032095,1032114,1032133,1032152,1032171,1032190]}