{"matrices":[1,0,0,0,0,1,0,0,0,0,1,0,0,0,0,1,1,0,0,0,0,1,0,0,0,0,1,0,0,0,-5.777777671813965,1,1,0,0,0,0,1,0,0,0,0,1,0,0,0,-11.55555534362793,1,1,0,0,0,0,1,0,0,0,0,1,0,0,2.9642856121063232,0,1,1,0,0,0,0,1,0,0,0,0,1,0,0,2.9642856121063232,-5.777777671813965,1,1,0,0,0,0,1,0,0,0,0,1,0,0,2.9642856121063232,-11.55555534362793,1,1,0,0,0,0,1,0,0,0,0,1,0,0,5.9285712242126465,0,1,1,0,0,0,0,1,0,0,0,0,1,0,0,5.9285712242126465,-5.777777671813965,1,1,0,0,0,0,1,0,0,0,0,1,0,0,5.9285712242126465,-11.55555534362793,1,1,0,0,0,0,1,0,0,0,0,1,0,0,8.892857551574707,0,1,1,0,0,0,0,1,0,0,0,0,1,0,0,8.892857551574707,-5.777777671813965,1,1,0,0,0,0,1,0,0,0,0,1,0,0,8.892857551574707,-11.55555534362793,1,1,0,0,0,0,1,0,0,0,0,1,0,0,11.857142448425293,0,1,1,0,0,0,0,1,0,0,0,0,1,0,0,11.857142448425293,-5.777777671813965,1,1,0,0,0,0,1,0,0,0,0,1,0,0,11.857142448425293,-11.55555534362793,1,1,0,0,0,0,1,0,0,0,0,1,0,0,14.821428298950195,0,1,1,0,0,0,0,1,0,0,0,0,1,0,0,14.821428298950195,-5.777777671813965,1,1,0,0,0,0,1,0,0,0,0,1,0,0,14.821428298950195,-11.55555534362793,1,1,0,0,0,0,1,0,0,0,0,1,0,0,17.785715103149414,0,1,1,0,0,0,0,1,0,0,0,0,1,0,0,17.785715103149414,-5.777777671813965,1,1,0,0,0,0,1,0,0,0,0,1,0,0,17.785715103149414,-11.55555534362793,1,1,0,0,0,0,1,0,0,0,0,1,0,0,20.75,0,1,1,0,0,0,0,1,0,0,0,0,1,0,0,20.75,-5.777777671813965,1,1,0,0,0,0,1,0,0,0,0,1,0,0,20.75,-11.55555534362793,1,1,0,0,0,0,1,0,0,0,0,1,0,0,23.714284896850586,0,1,1,0,0,0,0,1,0,0,0,0,1,0,0,23.714284896850586,-5.777777671813965,1,1,0,0,0,0,1,0,0,0,0,1,0,0,23.714284896850586,-11.55555534362793,1,1,0,0,0,0,1,0,0,0,0,1,0,0,26.678571701049805,0,1,1,0,0,0,0,1,0,0,0,0,1,0,0,26.678571701049805,-5.777777671813965,1,1,0,0,0,0,1,0,0,0,0,1,0,0,26.678571701049805,-11.55555534362793,1,1,0,0,0,0,1,0,0,0,0,1,0,0,29.64285659790039,0,1,1,0,0,0,0,1,0,0,0,0,1,0,0,29.64285659790039,-5.777777671813965,1,1,0,0,0,0,1,0,0,0,0,1,0,0,29.64285659790039,-11.55555534362793,1,1,0,0,0,0,1,0,0,0,0,1,0,0,32.60714340209961,0,1,1,0,0,0,0,1,0,0,0,0,1,0,0,32.60714340209961,-5.777777671813965,1,1,0,0,0,0,1,0,0,0,0,1,0,0,32.60714340209961,-11.55555534362793,1,1,0,0,0,0,1,0,0,0,0,1,0,0,35.57143020629883,0,1,1,0,0,0,0,1,0,0,0,0,1,0,0,35.57143020629883,-5.777777671813965,1,1,0,0,0,0,1,0,0,0,0,1,0,0,35.57143020629883,-11.55555534362793,1,1,0,0,0,0,1,0,0,0,0,1,0,0,38.53571319580078,0,1,1,0,0,0,0,1,0,0,0,0,1,0,0,38.53571319580078,-5.777777671813965,1,1,0,0,0,0,1,0,0,0,0,1,0,0,38.53571319580078,-11.55555534362793,1],"ids":[1132024,1132041,1132058,1132075,1132092,1132109,1132126,1132143,1132160,1132177,1132194,1132211,1132228,1132245,1132262,1132279,1132296,1132313,1132330,1132347,1132364,1132381,1132398,1132415,1132432,1132449,1132466,1132483,1132500,1132517,1132534,1132551,1132568,1132585,1132602,1132619,1132636,1132653,1132670,1132687,1132704,1132721]}