{"matrices":[1,0,0,0,0,1,0,0,0,0,1,0,0,0,0,1,0,0,1,0,0,1,0,0,-1,0,0,0,180.4954376220703,0,-135.9091033935547,1,0,0,1,0,0,1,0,0,-1,0,0,0,189.412109375,0,-135.9091033935547,1,1,0,0,0,0,1,0,0,0,0,1,0,0,-12,-1.4210854715202004e-14,1,0,0,1,0,0,1,0,0,-1,0,0,0,180.4954376220703,-12,-135.3851776123047,1,0,0,1,0,0,1,0,0,-1,0,0,0,189.412109375,-12,-135.3851776123047,1,1,0,0,0,0,1,0,0,0,0,1,0,0,12,0,1,0,0,1,0,0,1,0,0,-1,0,0,0,180.4954376220703,12,-135.9091033935547,1,0,0,1,0,0,1,0,0,-1,0,0,0,189.412109375,12,-135.9091033935547,1,1,0,0,0,0,1,0,0,0,0,1,0,0,24,0,1,0,0,1,0,0,1,0,0,-1,0,0,0,180.4954376220703,24,-135.9091033935547,1,0,0,1,0,0,1,0,0,-1,0,0,0,189.412109375,24,-135.9091033935547,1,0,0,-1,0,0,1,0,0,1,0,0,0,67.97161102294922,-12,187.6964569091797,1,0,0,-1,0,0,1,0,0,1,0,0,0,108.62265014648438,-12,187.6964569091797,1,0,0,-1,0,0,1,0,0,1,0,0,0,115.47161102294922,-12,187.6964569091797,1],"ids":[1182896,1183219,1183253,1205486,1205724,1205758,1207277,1207515,1207549,1209068,1209306,1209340,1210086,1210188,1210222]}