{"matrices":[1,0,0,0,0,1,0,0,0,0,1,0,0,0,0,1,-1,0,0,0,0,1,0,0,0,0,-1,0,4.650688171386719,0,47.81129455566406,1,-1,0,0,0,0,-1,0,0,0,0,1,0,16.65068817138672,66.38713836669922,0,1,1,0,0,0,0,-1,0,0,0,0,-1,0,12,66.38713836669922,47.81129455566406,1,1,0,0,0,0,1,0,0,0,0,1,0,-24,0,0,1,-1,0,0,0,0,1,0,0,0,0,-1,0,-19.34931182861328,0,47.81129455566406,1,-1,0,0,0,0,1,0,0,0,0,-1,0,-5.349311828613281,0,47.81129455566406,1,1,0,0,0,0,1,0,0,0,0,1,0,-10,0,0,1],"ids":[1768286,1768299,1768325,1768338,1776004,1776017,1776043,1776056]}