{"matrices":[1,0,0,0,0,1,0,0,0,0,1,0,0,0,0,1,1,0,0,0,0,1,0,0,0,0,1,0,-3.003351926803589,0,0,1,1,0,0,0,0,1,0,0,0,0,1,0,-6.006703853607178,0,0,1,1,0,0,0,0,1,0,0,0,0,1,0,-16,0,-1.1368683772161603e-13,1,1,0,0,0,0,1,0,0,0,0,1,0,-19.00335121154785,0,-1.1368683772161603e-13,1,1,0,0,0,0,1,0,0,0,0,1,0,-22.006704330444336,0,-1.1368683772161603e-13,1,1,0,0,0,0,1,0,0,0,0,1,0,-32,0,-1.1368683772161603e-13,1,1,0,0,0,0,1,0,0,0,0,1,0,-35.003353118896484,0,-1.1368683772161603e-13,1,1,0,0,0,0,1,0,0,0,0,1,0,-38.0067024230957,0,-1.1368683772161603e-13,1,1,0,0,0,0,1,0,0,0,0,1,0,-48,0,-1.9895196601282805e-13,1,1,0,0,0,0,1,0,0,0,0,1,0,-51.003353118896484,0,-1.9895196601282805e-13,1,1,0,0,0,0,1,0,0,0,0,1,0,-54.0067024230957,0,-1.9895196601282805e-13,1],"ids":[1125826,1125843,1125860,1126334,1126351,1126368,1126842,1126859,1126876,1127350,1127367,1127384]}