{"matrices":[1,0,0,0,0,1,0,0,0,0,1,0,0,0,0,1,1,0,0,0,0,1,0,0,0,0,1,0,0,0,-2.2837634086608887,1,-1,0,0,0,0,-1,0,0,0,0,1,0,-23.845449447631836,17.72047233581543,-3.458338737487793,1,-1,0,0,0,0,-1,0,0,0,0,1,0,-23.845449447631836,17.72047233581543,-1.0754220485687256,1,-1,0,0,0,0,-1,0,0,0,0,1,0,-23.845449447631836,17.72047233581543,1.2083280086517334,1,0,1,0,0,1,0,0,0,0,0,-1,0,-38.772544860839844,38.532962799072266,-63.792274475097656,1,0,1,0,0,-1,0,0,0,0,0,1,0,-21.142881393432617,38.032962799072266,22.24017333984375,1,0,1,0,0,-1,0,0,0,0,0,1,0,4.156261444091797,38.532962799072266,22.24017333984375,1,0,1,0,0,1,0,0,0,0,0,-1,0,-13.473400115966797,38.032962799072266,-63.792274475097656,1,0,-1,0,0,-1,0,0,0,0,0,-1,0,-21.052072525024414,14.687511444091797,-65.49069213867188,1,0,-1,0,0,-1,0,0,0,0,0,-1,0,4.156261444091797,14.687511444091797,-65.49069213867188,1,0,-1,0,0,-1,0,0,0,0,0,-1,0,-21.142881393432617,14.187511444091797,-65.28221130371094,1,0,-1,0,0,-1,0,0,0,0,0,-1,0,4.247071743011475,14.187511444091797,-65.28221130371094,1],"ids":[1603478,1603572,1603666,1603760,1603854,1648312,1648511,1648959,1649124,1649338,1649391,1649490,1649543]}