{"matrices":[1,0,0,0,0,1,0,0,0,0,1,0,0,0,0,1,1,0,0,0,0,1,0,0,0,0,1,0,3.552713678800501e-15,7.105427357601002e-15,5.970052242279053,1,1,0,0,0,0,1,0,0,0,0,1,0,3.552713678800501e-15,7.105427357601002e-15,11.940104484558105,1,1,0,0,0,0,1,0,0,0,0,1,0,3.552713678800501e-15,7.105427357601002e-15,17.91015625,1,1,0,0,0,0,1,0,0,0,0,1,0,3.552713678800501e-15,7.105427357601002e-15,23.88020896911621,1,1,0,0,0,0,1,0,0,0,0,1,0,3.552713678800501e-15,7.105427357601002e-15,29.85025978088379,1,1,0,0,0,0,1,0,0,0,0,1,0,3.552713678800501e-15,7.105427357601002e-15,35.8203125,1,1,0,0,0,0,1,0,0,0,0,1,0,3.552713678800501e-15,7.105427357601002e-15,41.79036331176758,1,1,0,0,0,0,1,0,0,0,0,1,0,3.552713678800501e-15,13,-1.4210854715202004e-14,1,1,0,0,0,0,1,0,0,0,0,1,0,3.552713678800501e-15,13,5.970052242279053,1,1,0,0,0,0,1,0,0,0,0,1,0,3.552713678800501e-15,13,11.940104484558105,1,1,0,0,0,0,1,0,0,0,0,1,0,3.552713678800501e-15,13,17.91015625,1,1,0,0,0,0,1,0,0,0,0,1,0,3.552713678800501e-15,13,23.88020896911621,1,1,0,0,0,0,1,0,0,0,0,1,0,3.552713678800501e-15,13,29.85025978088379,1,1,0,0,0,0,1,0,0,0,0,1,0,3.552713678800501e-15,13,35.8203125,1,1,0,0,0,0,1,0,0,0,0,1,0,3.552713678800501e-15,13,41.79036331176758,1,1,0,0,0,0,1,0,0,0,0,1,0,3.552713678800501e-15,26,-1.4210854715202004e-14,1,1,0,0,0,0,1,0,0,0,0,1,0,3.552713678800501e-15,26,5.970052242279053,1,1,0,0,0,0,1,0,0,0,0,1,0,3.552713678800501e-15,26,11.940104484558105,1,1,0,0,0,0,1,0,0,0,0,1,0,3.552713678800501e-15,26,17.91015625,1,1,0,0,0,0,1,0,0,0,0,1,0,3.552713678800501e-15,26,23.88020896911621,1,1,0,0,0,0,1,0,0,0,0,1,0,3.552713678800501e-15,26,29.85025978088379,1,1,0,0,0,0,1,0,0,0,0,1,0,3.552713678800501e-15,26,35.8203125,1,1,0,0,0,0,1,0,0,0,0,1,0,3.552713678800501e-15,26,41.79036331176758,1],"ids":[1031350,1031369,1031388,1031407,1031426,1031445,1031464,1031483,1031502,1031521,1031540,1031559,1031578,1031597,1031616,1031635,1031654,1031673,1031692,1031711,1031730,1031749,1031768,1031787]}