{"matrices":[1,0,0,0,0,1,0,0,0,0,1,0,0,0,0,1,1,0,0,0,0,-1,0,0,0,0,-1,0,15.918524742126465,63.22047424316406,90.62379455566406,1],"ids":[1724679,1725477]}