{"matrices":[1,0,0,0,0,1,0,0,0,0,1,0,0,0,0,1,-1,0,0,0,0,1,0,0,0,0,-1,0,57.44621658325195,0,-33.36058044433594,1,0,0,-1,0,0,1,0,0,1,0,0,0,-9.598902702331543,0,81.26840209960938,1,1,0,0,0,0,1,0,0,0,0,1,0,-54.31501770019531,0,0,1,-1,0,0,0,0,1,0,0,0,0,-1,0,61.26227951049805,0,73.51441955566406,1],"ids":[1704815,1747083,1758609,1801572,1810074]}