{"matrices":[1,0,0,0,0,1,0,0,0,0,1,0,0,0,0,1,1,0,0,0,0,1,0,0,0,0,1,0,-19.47916603088379,24,0.06460458040237427,1,1,0,0,0,0,1,0,0,0,0,1,0,0.1510416716337204,24,0.06460458040237427,1,1,0,0,0,0,1,0,0,0,0,1,0,-19.31770896911621,12,0.4609375,1,1,0,0,0,0,1,0,0,0,0,1,0,0.1510416716337204,12,0.4609375,1,1,0,0,0,0,1,0,0,0,0,1,0,-19.47916603088379,36,0.06460458040237427,1,1,0,0,0,0,1,0,0,0,0,1,0,0.1510416716337204,36,0.06460458040237427,1,1,0,0,0,0,1,0,0,0,0,1,0,-19.47916603088379,48,0.06460458040237427,1,1,0,0,0,0,1,0,0,0,0,1,0,0.1510416716337204,48,0.06460458040237427,1,-1,0,0,0,0,1,0,0,0,0,-1,0,204.13893127441406,-14.75,28.90504264831543,1],"ids":[1161901,1183100,1183134,1205605,1205639,1207396,1207430,1209187,1209221,1707037]}