{"matrices":[1,0,0,0,0,1,0,0,0,0,1,0,0,0,0,1,0,0,-1,0,0,1,0,0,1,0,0,0,-94.63836669921875,0,6.399038791656494,1,0,0,1,0,0,1,0,0,-1,0,0,0,52.609153747558594,0,10.620588302612305,1,-1,0,0,0,0,1,0,0,0,0,-1,0,-33.5106086730957,0,18.329681396484375,1,1,0,0,0,0,-1,0,0,0,0,-1,0,-48.95257568359375,36.88713836669922,85.5352554321289,1,0,0,-1,0,0,1,0,0,1,0,0,0,-88.45582580566406,0,62.050079345703125,1],"ids":[1708158,1710153,1711065,1712943,1713334,1713347]}