{"matrices":[1,0,0,0,0,1,0,0,0,0,1,0,0,0,0,1,1,0,0,0,0,1,0,0,0,0,1,0,16,0,1.1368683772161603e-13,1,1,0,0,0,0,1,0,0,0,0,1,0,32,0,1.1368683772161603e-13,1,1,0,0,0,0,1,0,0,0,0,1,0,48,0,2.1316282072803006e-13,1,1,0,0,0,0,1,0,0,0,0,1,0,64,0,2.1316282072803006e-13,1,1,0,0,0,0,1,0,0,0,0,1,0,80,0,3.126388037344441e-13,1],"ids":[1246846,1246876,1246906,1246936,1246966,1246996]}