{"matrices":[1,0,0,0,0,1,0,0,0,0,1,0,0,0,0,1,-1,0,0,0,0,1,0,0,0,0,-1,0,-44.980865478515625,0,-95.48775482177734,1,1,0,0,0,0,1,0,0,0,0,1,0,42.80208206176758,0,0.0282118059694767,1,-1,0,0,0,0,1,0,0,0,0,-1,0,-66.98086547851562,0,-60.94608688354492,1,-1,0,0,0,0,1,0,0,0,0,-1,0,-48.38190841674805,0,-78.32108306884766,1,0,0,1,0,0,1,0,0,-1,0,0,0,64.7359619140625,0,43.125247955322266,1,0,0,1,0,0,1,0,0,-1,0,0,0,32.7359619140625,0,43.125247955322266,1,0,0,1,0,0,1,0,0,-1,0,0,0,80.19950103759766,0,35.422122955322266,1],"ids":[1611628,1611906,1612324,1612993,1640606,1672327,1672395,2161744]}