{"matrices":[1,0,0,0,0,1,0,0,0,0,1,0,0,0,0,1,1,0,0,0,0,1,0,0,0,0,1,0,3.552713678800501e-15,13,0,1,1,0,0,0,0,1,0,0,0,0,1,0,3.552713678800501e-15,26,0,1],"ids":[1663270,1663289,1663308]}